NET_INCOME,OP_PROFIT_LOSS,TRANS_REV_PAX,MAIL,TOTAL_PROPERTY,PROP_FREIGHT,PROP_BAG,TOTAL_CHARTER,CHARTER_PAX,CHARTER_PROP,TOTAL_MISC_REV,RES_CANCEL_FEES,MISC_OP_REV,PUB_SVC_REVENUE,TRANS_REVENUE,OP_REVENUES,FLYING_OPS,MAINTENANCE,PAX_SERVICE,AIRCFT_SERVICES,PROMOTION_SALES,GENERAL_ADMIN,GENERAL_SERVICES,DEPREC_AMORT,TRANS_EXPENSES,OP_EXPENSES,INTEREST_LONG_DEBT,INTEREST_EXP_OTH,FOREIGN_EX_GAINS,CAP_GAINS_PROP,CAP_GAINS_OTHER,OTHER_INCOME_NET,NON_OP_INCOME,INCOME_PRE_TAX,INCOME_TAX,INCOME_BEFORE_OTH,DISCONT_OPS,EXTRA_ITEMS,INCOME_TAX_EXTRA,INCOME_TAX_CREDITS,ACCTG_CHANGES,AIRLINE_ID,UNIQUE_CARRIER,UNIQUE_CARRIER_NAME,CARRIER,CARRIER_NAME,UNIQUE_CARRIER_ENTITY,REGION,CARRIER_GROUP_NEW,CARRIER_GROUP,YEAR,QUARTER
-712607.00,-746208.00,,0.00,,352749.00,,,,5050.00,,,19237.00,,1498990.00,1876026.00,226334.00,149045.00,,194639.00,33069.00,154960.00,,65397.00,1798790.00,2622234.00,6615.00,7512.00,-2313.00,0.00,,-145473.00,-133659.00,-879867.00,-167260.00,-712607.00,,,,,,20107,FX,Federal Express Corporation,FX,Federal Express Corporation,16196,A,3,3,2023,2
-298791.00,-618862.00,,0.00,,392682.00,,,,14689.00,,,19094.00,,1534404.00,1960869.00,241036.00,152447.00,,189521.00,29102.00,151055.00,,66689.00,1749881.00,2579731.00,12921.00,3033.00,1020.00,0.00,,227880.00,244854.00,-374008.00,-75217.00,-298791.00,,,,,,20107,FX,Federal Express Corporation,FX,Federal Express Corporation,16196,A,3,3,2023,1
-294047.62,-294047.62,895106.59,7515.70,,124382.84,8503.14,,0.00,0.00,,676.67,106397.22,0.00,26851.17,1169433.32,630708.76,185401.09,119344.43,179890.88,73398.78,201394.12,0.00,68239.18,5103.70,1463480.94,0.00,0.00,0.00,0.00,0.00,0.00,0.00,-294047.62,0.00,-294047.62,0.00,0.00,0.00,,0.00,19805,AA,American Airlines Inc.,AA,American Airlines Inc.,10049,A,3,3,2023,1
-258801.65,-234102.19,5015655.46,10224.02,,68087.22,210466.52,,17355.33,,,14135.75,2404.92,,1828354.96,7166684.19,2484740.98,719231.35,487044.72,1439040.96,344306.20,447484.94,,358956.18,1119981.05,7400786.38,-262822.70,120053.70,414.55,,,35918.04,-106436.42,-340538.61,-81736.96,-258801.65,,,,-258801.65,,19977,UA,United Air Lines Inc.,UA,United Air Lines Inc.,0A875,D,3,3,2023,1
-233930.65,-295070.82,1464226.29,0.00,,101.75,104368.02,,224.13,0.00,,10284.49,4639.21,0.00,104844.29,1688688.19,995554.51,191554.60,156726.15,320424.18,92466.13,109021.26,,117395.65,616.53,1983759.01,-35081.00,3599.05,1313.58,690.49,2707.83,-3087.70,-29857.75,-324928.57,-90997.92,-233930.65,0.00,0.00,0.00,0.00,0.00,20409,B6,JetBlue Airways,B6,JetBlue Airways,06673,D,3,3,2023,1
-185853.00,437900.00,5914695.00,9697.00,,60430.00,172908.00,,77822.00,85.00,,21885.00,1021000.00,0.00,2275199.00,9553721.00,2643680.00,762432.00,806149.00,1367143.00,619347.00,614494.00,,417609.00,1884967.00,9115821.00,-186331.00,-12578.00,-9277.00,20193.00,0.00,-538496.00,-726489.00,-288589.00,-102736.00,-185853.00,0.00,0.00,0.00,,0.00,19790,DL,Delta Air Lines Inc.,DL,Delta Air Lines Inc.,01260,D,3,3,2023,1
-153850.00,-274205.00,4697111.00,587.00,,38321.00,15128.00,,5787.00,0.00,,,714492.00,0.00,33340.00,5504766.00,2457115.00,476430.00,435702.00,1066407.00,272711.00,685707.00,,351998.00,32901.00,5778971.00,-61202.00,3871.00,-1099.00,0.00,,135485.00,77055.00,-197150.00,-43300.00,-153850.00,0.00,0.00,0.00,-153850.00,0.00,19393,WN,Southwest Airlines Co.,WN,Southwest Airlines Co.,06725,D,3,3,2023,1
-144284.30,-202249.47,0.00,45812.83,,1148549.35,0.00,,0.00,0.00,,0.00,26991.69,0.00,116.89,1221470.75,749468.57,340617.26,0.00,142458.16,1490.51,75939.87,0.00,113745.86,0.00,1423720.22,0.00,5735.79,-721.21,2255.65,0.00,-17474.88,-10204.65,-212454.12,-68169.82,-144284.30,0.00,0.00,0.00,,0.00,19917,5X,United Parcel Service,5X,United Parcel Service,06910,D,3,3,2023,1
-138721.03,-133100.80,1588770.43,7883.09,,164140.00,18393.12,,,,,3608.64,825.09,,48867.65,1832488.01,885720.21,186443.47,226099.81,270020.51,103863.32,122880.89,,141828.21,28732.39,1965588.81,-110009.45,43817.81,5466.92,,,11130.13,-49594.59,-182695.39,-43974.37,-138721.03,,,,-138721.03,,19977,UA,United Air Lines Inc.,UA,United Air Lines Inc.,10874,A,3,3,2023,1
-134439.12,-134090.48,0.00,0.00,89157.74,89157.74,0.00,237394.36,30103.74,207290.62,5812.63,0.00,5812.63,0.00,0.00,332364.73,291227.18,56878.63,5775.12,56286.01,6867.58,29042.88,,20307.12,70.71,466455.21,447.03,0.00,-102.66,-0.76,0.00,-181.76,161.85,-133928.63,510.49,-134439.12,0.00,0.00,0.00,-134439.12,0.00,20007,5Y,Atlas Air Inc.,5Y,Atlas Air Inc.,06087,D,3,3,2023,1
-125149.82,-140771.45,418162.93,116.22,,17969.00,14724.88,,709.12,0.00,,112.95,4316.75,0.00,29117.45,485229.31,280242.99,71094.81,59019.52,101499.23,32256.30,50570.90,,29511.60,1805.41,626000.76,-16057.13,-556.91,2360.61,857.79,11.21,7619.62,-5764.80,-146536.26,-21386.44,-125149.82,0.00,0.00,0.00,,0.00,19690,HA,Hawaiian Airlines Inc.,HA,Hawaiian Airlines Inc.,05375,D,3,3,2023,1
-123079.00,-12145.00,1137211.00,8075.00,,89154.00,17986.00,,4090.00,15.00,,3056.00,221838.00,0.00,8494.00,1489919.00,682242.00,127896.00,145538.00,246816.00,111813.00,110937.00,,69784.00,7038.00,1502064.00,-33639.00,-2271.00,0.00,3646.00,0.00,-97217.00,-129481.00,-141626.00,-18547.00,-123079.00,0.00,0.00,0.00,,0.00,19790,DL,Delta Air Lines Inc.,DL,Delta Air Lines Inc.,10261,A,3,3,2023,1
-119569.00,-121537.00,1452979.00,9264.00,,19740.00,68918.00,,4989.00,241.00,,46332.00,33608.00,2714.00,428892.00,2067678.00,810794.00,170013.00,165365.00,316973.00,103500.00,196193.00,,86258.00,340119.00,2189215.00,-22379.00,5691.00,0.00,-5029.00,-27895.00,10374.00,-39237.00,-160774.00,-41205.00,-119569.00,0.00,0.00,0.00,,0.00,19930,AS,Alaska Airlines Inc.,AS,Alaska Airlines Inc.,06031,D,3,3,2023,1
-113386.00,-208492.00,,0.00,,806991.00,,,,504.00,,,2978.00,,505583.00,1316056.00,392789.00,99384.00,,191639.00,29895.00,174687.00,,79880.00,556274.00,1524548.00,2.00,2799.00,941.00,0.00,,12532.00,16274.00,-192218.00,-78832.00,-113386.00,,,,,,20107,FX,Federal Express Corporation,FX,Federal Express Corporation,16197,P,3,3,2023,1
-102056.73,-130756.26,0.00,39863.56,,1020373.52,0.00,,0.00,0.00,,0.00,21653.69,0.00,110.21,1082000.98,629453.38,286094.66,0.00,128104.21,1424.36,66445.37,0.00,101235.27,0.00,1212757.24,0.00,6493.10,-1082.98,-56.96,0.00,-15566.67,-10213.50,-140969.77,-38913.04,-102056.73,0.00,0.00,0.00,,0.00,19917,5X,United Parcel Service,5X,United Parcel Service,06910,D,3,3,2023,2
-101340.00,-245597.00,,0.00,,794930.00,,,,3384.00,,,2994.00,,494691.00,1295999.00,376130.00,114072.00,,192133.00,31119.00,182602.00,,78725.00,566815.00,1541596.00,-2123.00,6932.00,-2134.00,0.00,,55451.00,58126.00,-187471.00,-86131.00,-101340.00,,,,,,20107,FX,Federal Express Corporation,FX,Federal Express Corporation,16197,P,3,3,2023,2
-100168.00,-90197.24,0.00,0.00,95938.56,95938.56,0.00,258112.12,29619.60,228492.53,7768.73,0.00,7768.73,0.00,0.00,361819.41,141010.51,38850.27,6231.13,53707.95,4279.97,184472.78,,23402.15,61.89,452016.65,-1115.82,0.00,-45.93,0.00,0.00,-150.55,-1312.30,-91509.55,8658.45,-100168.00,0.00,0.00,0.00,-100168.00,0.00,20007,5Y,Atlas Air Inc.,5Y,Atlas Air Inc.,06087,D,3,3,2023,2
-90506.64,-97896.70,608244.59,0.00,,0.00,223586.77,,0.00,0.00,,25230.28,316621.40,0.00,1970.29,1175653.34,715611.16,71797.46,60194.01,97350.51,41823.24,218843.15,0.00,67930.50,0.00,1273550.03,0.00,-25007.16,-340.88,0.00,0.00,-130.65,-25478.70,-123375.39,-32868.75,-90506.64,0.00,0.00,0.00,,0.00,20416,NK,Spirit Air Lines,NK,Spirit Air Lines,06830,D,3,3,2023,1
-89175.51,-89330.76,143826.04,0.00,,0.00,0.00,,0.00,0.00,,0.00,0.00,0.00,0.00,143826.04,116882.94,69991.60,25028.93,751.19,0.00,17392.18,0.00,3109.96,0.00,233156.80,-17.98,0.00,0.00,0.00,0.00,173.23,155.25,-89175.51,0.00,-89175.51,0.00,0.00,0.00,,0.00,20363,9E,Endeavor Air Inc.,9E,Endeavor Air Inc.,07024,D,2,2,2023,1
-85584.19,-87176.94,135872.16,0.00,,0.00,0.00,,0.00,0.00,,0.00,0.00,0.00,0.00,135872.16,105987.33,70801.01,25738.00,999.04,0.00,17466.73,0.00,2056.98,0.00,223049.09,-17.10,0.00,0.00,0.00,0.00,1609.85,1592.75,-85584.19,0.00,-85584.19,0.00,0.00,0.00,,0.00,20363,9E,Endeavor Air Inc.,9E,Endeavor Air Inc.,07024,D,2,2,2023,2
-76480.00,-107080.00,,0.00,,150538.00,,,,485.00,,,19625.00,,183642.00,354290.00,61485.00,12901.00,,98228.00,18638.00,49204.00,,19171.00,201743.00,461370.00,5.00,2115.00,-651.00,0.00,,-10601.00,-9132.00,-116212.00,-39732.00,-76480.00,,,,,,20107,FX,Federal Express Corporation,FX,Federal Express Corporation,16195,L,3,3,2023,2
-74171.00,-80155.00,,0.00,,147027.00,,,,621.00,,,17170.00,,177559.00,342377.00,65281.00,12668.00,,89468.00,19516.00,45328.00,,16275.00,173996.00,422532.00,405.00,854.00,287.00,0.00,,-34079.00,-32533.00,-112688.00,-38517.00,-74171.00,,,,,,20107,FX,Federal Express Corporation,FX,Federal Express Corporation,16195,L,3,3,2023,1
-50176.05,-59559.69,513629.92,0.00,,0.00,0.00,,0.00,0.00,,0.00,0.00,39241.67,11342.69,564214.28,292413.96,182215.38,46555.56,32137.82,422.60,32282.31,0.00,37746.33,0.00,623773.96,-3986.55,0.00,0.00,1661.17,0.00,969.22,-1356.16,-60915.85,-10739.79,-50176.05,0.00,0.00,0.00,,0.00,20304,OO,SkyWest Airlines Inc.,OO,SkyWest Airlines Inc.,06700,D,3,3,2023,1
-47924.59,-48022.86,21073.43,0.00,,0.00,29845.23,,16418.60,0.00,,0.00,40.35,0.00,0.00,67377.61,32724.82,6492.84,0.00,0.00,0.00,0.00,74944.39,1238.42,0.00,115400.47,-64.18,0.00,0.00,0.00,0.00,162.45,98.27,-47924.59,0.00,-47924.59,0.00,0.00,0.00,,0.00,22080,MX,Breeze Aviation Group DBA  Breeze,MX,Breeze Aviation Group DBA  Breeze,01268,D,1,1,2023,1
-40824.85,-19993.67,0.00,0.00,,0.00,0.00,,0.00,36487.93,,0.00,1173.77,0.00,0.00,37661.70,25995.62,3833.42,0.00,4024.74,0.00,10551.81,0.00,13249.77,0.00,57655.37,0.00,-14081.01,-9.76,0.00,0.00,5.75,-14085.02,-34078.69,-42.10,-34036.59,0.00,-6788.26,0.00,,0.00,21629,KD,Western Global,KD,Western Global,11042,I,2,2,2023,1
-37667.21,-4517.97,103912.28,0.00,,0.00,0.00,,0.00,0.00,,0.00,0.00,0.00,0.00,103912.28,41190.67,36751.17,4697.19,481.74,0.00,11493.07,0.00,13816.41,0.00,108430.25,0.00,-10865.68,0.00,0.00,0.00,-22283.57,-33149.24,-37667.21,0.00,-37667.21,0.00,0.00,0.00,,0.00,20378,YV,Mesa Airlines Inc.,YV,Mesa Airlines Inc.,06689,D,2,2,2023,2
-29178.25,-28946.14,0.00,0.00,,0.00,0.00,,0.00,64307.32,,0.00,28.73,0.00,0.00,64336.05,76965.67,4455.05,0.00,6761.92,0.00,4218.82,,880.73,0.00,93282.19,-26.84,0.00,-81.74,0.00,0.00,-123.52,-232.10,-29178.25,0.00,-29178.25,0.00,0.00,0.00,,0.00,20405,N8,National Air Cargo Group Inc d/ba National Airlines,N8,National Air Cargo Group Inc d/ba National Airline,11049,I,2,2,2023,1
-28030.91,-28004.59,44201.32,0.00,,0.00,50657.21,,4965.73,0.00,,0.00,50.98,0.00,0.00,99875.24,33805.51,5394.49,0.00,0.00,0.00,0.00,86919.35,1760.48,0.00,127879.82,-62.40,0.00,0.00,0.00,0.00,36.08,-26.32,-28030.91,0.00,-28030.91,0.00,0.00,0.00,,0.00,22080,MX,Breeze Aviation Group DBA  Breeze,MX,Breeze Aviation Group DBA  Breeze,01268,D,1,1,2023,2
-25732.35,-25732.35,211237.52,1080.27,,17770.59,1414.40,,0.00,0.00,,160.05,26265.74,0.00,6640.90,264569.46,118500.30,38259.85,24615.25,37116.91,15123.68,41547.69,0.00,14084.20,1053.94,290301.81,0.00,0.00,0.00,0.00,0.00,0.00,0.00,-25732.35,0.00,-25732.35,0.00,0.00,0.00,,0.00,19805,AA,American Airlines Inc.,AA,American Airlines Inc.,10052,P,3,3,2023,1
-24545.58,2448.25,113384.82,0.00,,0.00,0.00,,0.00,0.00,,0.00,0.00,0.00,0.00,113384.82,44862.24,31994.48,4916.28,68.78,0.00,13820.11,0.00,15274.69,0.00,110936.57,0.00,-12101.72,0.00,0.00,0.00,-14892.12,-26993.84,-24545.58,0.00,-24545.58,0.00,0.00,0.00,,0.00,20378,YV,Mesa Airlines Inc.,YV,Mesa Airlines Inc.,06689,D,2,2,2023,1
-20981.81,-17507.37,0.00,0.00,,0.00,0.00,,47688.07,11039.51,,0.00,3417.97,0.00,0.00,62145.55,31075.79,12224.23,0.00,3391.10,88.89,24087.48,0.00,8785.44,0.00,79652.93,-2663.22,0.00,0.00,-811.21,0.00,0.00,-3474.44,-20981.81,0.00,-20981.81,0.00,0.00,0.00,,0.00,21161,09Q,"Swift Air, LLC d/b/a Eastern Air Lines d/b/a Eastern",09Q,"Swift Air, LLC d/b/a Eastern Air Lines d/b/a Easte",01130,D,2,2,2023,2
-20210.44,-30215.14,539456.18,0.00,,0.00,0.00,,0.00,0.00,,0.00,0.00,33755.79,8398.42,581610.38,255859.34,200421.95,49993.85,30326.51,494.19,37366.39,0.00,37363.27,0.00,611825.52,-4570.91,0.00,0.00,1497.22,0.00,677.01,-2396.69,-32611.83,-12401.39,-20210.44,0.00,0.00,0.00,,0.00,20304,OO,SkyWest Airlines Inc.,OO,SkyWest Airlines Inc.,06700,D,3,3,2023,2
-19084.41,-25464.31,,388.89,,171124.26,,,,147234.44,,,,,24473.82,343221.41,137400.88,97762.84,,23380.88,8648.99,8417.20,,18496.10,74578.82,368685.71,-117.14,4289.67,,2218.49,,-5.84,6385.18,-19079.13,5.28,,,,,,,20370,KAQ,Kalitta Air LLC,KAQ,Kalitta Air LLC,16683,I,3,3,2023,1
-18670.00,-22342.00,117311.00,0.00,,-88.00,5564.00,,403.00,19.00,,3741.00,0.00,0.00,0.00,126951.00,65462.00,13727.00,13351.00,25592.00,8356.00,15840.00,,6964.00,0.00,149293.00,-1807.00,460.00,0.00,0.00,-2252.00,838.00,-2762.00,-25104.00,-6434.00,-18670.00,0.00,0.00,0.00,,0.00,19930,AS,Alaska Airlines Inc.,AS,Alaska Airlines Inc.,16031,L,3,3,2023,1
-15075.07,-11566.80,10779.05,0.00,,0.00,0.00,,0.00,0.00,,0.00,0.00,0.00,0.00,10779.05,4217.64,14950.73,509.60,50.98,0.00,1216.34,0.00,1400.56,0.00,22345.85,0.00,-1149.94,0.00,0.00,0.00,-2358.33,-3508.27,-15075.07,0.00,-15075.07,0.00,0.00,0.00,,0.00,20378,YV,Mesa Airlines Inc.,YV,Mesa Airlines Inc.,11022,L,2,2,2023,2
-14933.77,-14933.77,246933.95,1426.35,,21274.84,1381.18,,0.00,0.00,,161.19,26601.13,0.00,6716.09,304494.72,125402.45,43260.29,28048.11,40642.13,17556.01,48816.36,0.00,14831.01,872.16,319428.49,0.00,0.00,0.00,0.00,0.00,0.00,0.00,-14933.77,0.00,-14933.77,0.00,0.00,0.00,,0.00,19805,AA,American Airlines Inc.,AA,American Airlines Inc.,10052,P,3,3,2023,2
-13696.37,-11625.51,8449.06,0.00,,0.00,0.00,,0.00,0.00,,0.00,0.00,0.00,0.00,8449.06,3310.43,14175.83,386.33,5.28,0.00,1060.22,0.00,1136.49,0.00,20074.58,0.00,-928.40,0.00,0.00,0.00,-1142.46,-2070.86,-13696.37,0.00,-13696.37,0.00,0.00,0.00,,0.00,20378,YV,Mesa Airlines Inc.,YV,Mesa Airlines Inc.,11022,L,2,2,2023,1
-13404.54,-14499.05,90084.45,0.00,,0.00,33114.46,,0.00,0.00,,3736.75,46893.41,0.00,291.81,174120.87,105986.04,10633.61,8915.07,14418.16,6194.26,32411.90,0.00,10060.89,0.00,188619.93,0.00,-3703.70,-50.49,0.00,0.00,-19.35,-3773.54,-18272.59,-4868.05,-13404.54,0.00,0.00,0.00,,0.00,20416,NK,Spirit Air Lines,NK,Spirit Air Lines,16831,L,3,3,2023,1
-13126.05,-6397.04,16293.04,0.00,,0.00,2154.55,,1326.25,0.00,,0.00,506.62,0.00,0.00,20280.47,12384.01,3809.13,0.00,0.00,0.00,0.00,9987.30,497.08,0.00,26677.51,0.00,-6579.53,0.00,0.00,0.00,-149.47,-6729.01,-13126.05,0.00,-13126.05,0.00,0.00,0.00,,0.00,20401,3M,Silver Airways,3M,Silver Airways,06888,D,1,1,2023,1
-13019.37,-24518.16,474549.02,0.00,,0.00,204338.62,,0.00,0.00,,62649.22,24754.83,0.00,14416.79,780708.48,518505.18,58923.58,42978.21,117713.20,41244.47,15074.06,0.00,10787.94,0.00,805226.64,-3995.41,11527.89,0.00,0.00,0.00,0.00,7532.48,-16985.69,-3966.32,-13019.37,0.00,0.00,0.00,,0.00,20436,F9,Frontier Airlines Inc.,F9,Frontier Airlines Inc.,06460,D,3,3,2023,1
-11944.81,-11987.73,0.00,5148.55,,3512.85,0.00,,0.00,9159.43,,0.00,358.72,0.00,34.43,18213.98,8968.63,12498.03,0.00,2988.97,173.44,2402.79,0.00,3169.85,0.00,30201.71,0.00,0.00,0.00,0.00,0.00,42.92,42.92,-11944.81,0.00,-11944.81,0.00,0.00,0.00,,0.00,20169,L2,Lynden Air Cargo Airlines,L2,Lynden Air Cargo Airlines,06699,D,2,2,2023,1
-11376.00,-6674.00,77853.00,0.00,,0.00,0.00,,0.00,0.00,,0.00,77.00,0.00,0.00,77930.00,26273.00,21501.00,5454.00,6597.00,0.00,14314.00,0.00,10465.00,0.00,84605.00,-3672.00,-4664.00,0.00,768.00,0.00,100.00,-7469.00,-14143.00,-2767.00,-11376.00,0.00,0.00,0.00,,0.00,19687,QX,Horizon Air,QX,Horizon Air,06580,D,2,2,2023,1
-10017.40,-13818.14,50969.78,0.00,,0.00,0.00,,0.00,0.00,,0.00,0.00,0.00,102.07,51071.85,22347.00,24033.64,2418.79,1049.66,0.00,9668.74,0.00,5358.79,13.38,64889.99,-12.07,0.00,0.00,-3.90,-101.11,951.17,834.10,-12984.05,-2966.65,-10017.40,0.00,0.00,0.00,,0.00,20046,ZW,Air Wisconsin Airlines Corp,ZW,Air Wisconsin Airlines Corp,06024,D,2,2,2023,2
-9926.79,-9765.26,29171.67,0.00,,0.00,0.00,,6357.43,0.00,,0.00,260.41,0.00,22697.20,58486.71,39357.92,7904.14,0.00,0.00,0.00,0.00,20276.95,521.70,191.26,68251.97,-161.40,0.00,0.00,0.00,0.00,0.14,-161.26,-9926.52,0.27,-9926.79,0.00,0.00,0.00,,0.00,20207,XP,TEM Enterprises dba  Avelo Airlines,XP,TEM Enterprises dba  Avelo Airlines,06144,D,1,1,2023,1
-9901.17,-2792.06,17546.22,0.00,,0.00,2437.78,,1505.67,0.00,,0.00,511.16,0.00,0.00,22000.83,11461.89,2723.05,0.00,0.00,0.00,0.00,10073.14,534.82,0.00,24792.89,0.00,-6933.28,0.00,0.00,0.00,-175.82,-7109.11,-9901.17,0.00,-9901.17,0.00,0.00,0.00,,0.00,20401,3M,Silver Airways,3M,Silver Airways,06888,D,1,1,2023,2
-8871.67,-6057.08,0.00,0.00,,33096.70,0.00,,0.00,33306.50,,0.00,388.88,0.00,2454.35,69246.42,43355.69,11077.22,,7467.64,147.71,8051.14,,1987.19,3216.92,75303.50,-2283.05,-259.10,0.00,0.00,0.00,-223.04,-2765.19,-8822.27,49.40,-8871.67,0.00,0.00,0.00,,0.00,20151,M6,Amerijet International,M6,Amerijet International,06052,D,2,2,2023,1
-8700.51,-8468.41,0.00,0.00,,0.00,0.00,,20812.73,0.00,,0.00,215.06,0.00,0.00,21027.79,24085.90,704.09,1454.47,1357.48,0.00,1560.14,,334.12,0.00,29496.20,-26.84,0.00,-81.74,0.00,0.00,-123.52,-232.10,-8700.51,0.00,-8700.51,0.00,0.00,0.00,,0.00,20405,N8,National Air Cargo Group Inc d/ba National Airlines,N8,National Air Cargo Group Inc d/ba National Airline,07029,D,2,2,2023,1
-8167.88,-8026.89,0.00,0.00,,0.00,0.00,,5945.33,0.00,,0.00,99.85,0.00,0.00,6045.18,11613.19,84.04,1595.37,415.77,0.00,306.20,,57.50,0.00,14072.06,-2.62,0.00,-52.91,0.00,0.00,-85.46,-140.99,-8167.88,0.00,-8167.88,0.00,0.00,0.00,,0.00,20405,N8,National Air Cargo Group Inc d/ba National Airlines,N8,National Air Cargo Group Inc d/ba National Airline,07029,D,2,2,2023,2
-7471.02,-6775.21,0.00,0.00,,0.00,0.00,,29684.71,1790.37,,0.00,0.00,0.00,0.00,31475.08,22402.58,3836.49,,,,,7208.58,443.02,4359.63,38250.29,0.00,-694.56,-1.25,0.00,0.00,0.00,-695.81,-7471.02,0.00,-7471.02,0.00,0.00,0.00,,0.00,22085,GCA,"Global Crossing Airlines, Inc.",GCA,"Global Crossing Airlines, Inc.",01227,S,1,1,2023,2
-7403.45,-5145.56,0.00,0.00,,0.00,0.00,,120997.85,0.00,,0.00,0.00,0.00,1.02,120998.87,71800.48,12238.97,12406.22,13551.84,34.91,7669.40,0.00,8442.60,0.00,126144.43,0.00,-3342.07,0.00,0.00,0.00,1084.18,-2257.89,-7403.45,0.00,-7403.45,0.00,0.00,0.00,,0.00,20377,X9,Omni Air International LLC,X9,Omni Air International LLC,16736,I,2,2,2023,1
-7378.56,-6475.44,0.00,0.00,,0.00,0.00,,64902.37,10390.91,,0.00,8751.33,0.00,0.00,84044.62,46633.78,12219.33,0.00,7656.81,0.61,16544.36,0.00,7465.17,0.00,90520.05,-1595.40,0.00,0.00,692.29,0.00,0.00,-903.12,-7378.56,0.00,-7378.56,0.00,0.00,0.00,,0.00,21161,09Q,"Swift Air, LLC d/b/a Eastern Air Lines d/b/a Eastern",09Q,"Swift Air, LLC d/b/a Eastern Air Lines d/b/a Easte",01130,D,2,2,2023,1
-6557.47,-6896.92,,31308.67,,5954.74,,,,1493.94,,,,,7268.95,46026.30,18476.81,21482.95,,3492.15,855.40,832.47,,6514.07,1269.38,52923.22,-303.11,424.25,,219.41,,-0.58,339.97,-6556.95,0.52,,,,,,,20370,KAQ,Kalitta Air LLC,KAQ,Kalitta Air LLC,06683,D,3,3,2023,1
-6514.28,-4307.17,240272.81,0.00,,0.00,0.00,,0.00,0.00,,0.00,0.00,0.00,0.00,240272.81,134350.12,61375.21,12288.09,8878.17,0.00,20565.16,0.00,7123.23,0.00,244579.98,0.00,-4191.84,0.00,0.00,22.66,-93.32,-4262.50,-8569.66,-2055.38,-6514.28,0.00,0.00,0.00,,0.00,20397,OH,PSA Airlines Inc.,OH,PSA Airlines Inc.,07028,D,2,2,2023,2
-6162.63,-3044.99,0.00,464.70,,35677.93,0.00,,0.00,32342.34,,0.00,386.97,0.00,2108.04,70979.96,38050.10,12940.91,,6994.65,147.43,9651.30,,2248.75,3991.82,74024.95,-2459.98,-284.09,0.00,0.00,0.00,-304.44,-3048.52,-6093.50,69.13,-6162.63,0.00,0.00,0.00,,0.00,20151,M6,Amerijet International,M6,Amerijet International,06052,D,2,2,2023,2
-6071.70,-5644.97,0.00,0.00,,0.00,0.00,,31202.32,948.23,,0.00,0.00,0.00,0.00,32150.55,23616.66,3747.31,,,,,6359.76,443.14,3628.65,37795.52,0.00,-541.72,-2.49,0.00,0.00,117.47,-426.74,-6071.70,0.00,-6071.70,0.00,0.00,0.00,,0.00,22085,GCA,"Global Crossing Airlines, Inc.",GCA,"Global Crossing Airlines, Inc.",01227,S,1,1,2023,1
-5983.00,33387.00,412208.00,-266.00,,25493.00,3487.00,,0.00,5.00,,455.00,78611.00,0.00,16850.00,536843.00,213434.00,37525.00,51651.00,87594.00,39682.00,39371.00,,20239.00,13960.00,503456.00,-11938.00,-806.00,0.00,1294.00,0.00,-34502.00,-45952.00,-12565.00,-6582.00,-5983.00,0.00,0.00,0.00,,0.00,19790,DL,Delta Air Lines Inc.,DL,Delta Air Lines Inc.,10262,P,3,3,2023,1
-5954.36,-16842.02,0.00,0.00,,0.00,0.00,,0.00,59867.47,,0.00,1563.88,0.00,0.00,61431.35,40277.80,4693.26,0.00,6360.93,0.00,16713.27,0.00,10228.12,0.00,78273.38,0.00,-14282.17,-5.40,0.00,0.00,24667.74,10380.17,-6461.85,-81.61,-6380.24,0.00,425.88,0.00,,0.00,21629,KD,Western Global,KD,Western Global,11042,I,2,2,2023,2
-5666.71,-5697.42,0.00,0.00,,0.00,0.00,,0.00,0.00,,0.00,0.00,0.00,29473.45,29473.45,4562.93,0.00,0.00,0.00,0.00,4175.87,0.00,371.48,26060.59,35170.86,0.00,0.00,0.00,0.00,0.00,30.71,30.71,-5666.71,0.00,-5666.71,0.00,0.00,0.00,,0.00,21974,3EQ,"Scott Aviation, LLC  d/b/a  Silver Air",3EQ,"Scott Aviation, LLC  d/b/a  Silver Air",01234,D,2,2,2023,2
-5624.00,-10024.00,171729.00,21.00,,1401.00,553.00,,212.00,0.00,,,26122.00,0.00,1219.00,201257.00,89833.00,17419.00,15930.00,38988.00,9971.00,25069.00,,12868.00,1203.00,211281.00,-2238.00,142.00,-40.00,0.00,,4953.00,2817.00,-7207.00,-1583.00,-5624.00,0.00,0.00,0.00,-5624.00,0.00,19393,WN,Southwest Airlines Co.,WN,Southwest Airlines Co.,11033,L,3,3,2023,1
-5552.56,-4890.59,120480.94,3.49,,6479.69,4691.24,,0.00,0.00,,17.93,1278.62,0.00,9233.79,142185.69,64429.45,12685.33,16769.54,17908.28,11767.08,16442.75,,6622.45,451.40,147076.28,-4766.22,-58.86,2691.19,-4.84,0.00,982.65,-1156.07,-6046.66,-494.10,-5552.56,0.00,0.00,0.00,,0.00,19690,HA,Hawaiian Airlines Inc.,HA,Hawaiian Airlines Inc.,15375,P,3,3,2023,2
-5064.05,-2467.99,6285.89,0.00,,0.00,831.23,,511.67,0.00,,0.00,195.46,0.00,0.00,7824.24,4777.77,1469.57,0.00,0.00,0.00,0.00,3853.12,191.77,0.00,10292.23,0.00,-2538.40,0.00,0.00,0.00,-57.67,-2596.06,-5064.05,0.00,-5064.05,0.00,0.00,0.00,,0.00,20401,3M,Silver Airways,3M,Silver Airways,11056,I,1,1,2023,1
-4944.66,-2618.58,0.00,0.00,,26619.36,0.00,,0.00,24130.67,,0.00,288.72,0.00,1572.81,52611.55,28389.24,9655.23,,5218.72,110.00,7200.85,,1677.79,2978.31,55230.13,-1835.40,-211.96,0.00,0.00,0.00,-227.14,-2274.50,-4893.08,51.58,-4944.66,0.00,0.00,0.00,,0.00,20151,M6,Amerijet International,M6,Amerijet International,16052,L,2,2,2023,2
-4936.88,-4119.36,0.00,0.00,,0.00,0.00,,11220.68,2597.52,,0.00,804.23,0.00,0.00,14622.42,7311.92,2876.28,0.00,797.90,20.91,5667.62,0.00,2067.16,0.00,18741.79,-626.64,0.00,0.00,-190.87,0.00,0.00,-817.51,-4936.88,0.00,-4936.88,0.00,0.00,0.00,,0.00,21161,09Q,"Swift Air, LLC d/b/a Eastern Air Lines d/b/a Eastern",09Q,"Swift Air, LLC d/b/a Eastern Air Lines d/b/a Easte",11054,I,2,2,2023,2
-4824.34,-4845.83,0.00,0.00,,0.00,0.00,,0.00,0.00,,0.00,0.00,0.00,27299.84,27299.84,4214.34,0.00,0.00,0.00,0.00,2959.21,0.00,289.57,24682.55,32145.67,0.00,0.00,0.00,0.00,0.00,21.49,21.49,-4824.34,0.00,-4824.34,0.00,0.00,0.00,,0.00,21974,3EQ,"Scott Aviation, LLC  d/b/a  Silver Air",3EQ,"Scott Aviation, LLC  d/b/a  Silver Air",01234,D,2,2,2023,1
-4738.80,-2576.68,496746.66,158.69,,17419.39,15494.23,,324.73,0.00,,59.21,4223.03,0.00,30370.23,564796.14,237226.42,70657.81,59044.25,84200.58,32217.78,54509.84,,28039.43,1476.71,567372.83,-15740.15,-194.41,8888.46,6.56,0.00,3245.52,-3794.02,-6370.70,-1631.90,-4738.80,0.00,0.00,0.00,,0.00,19690,HA,Hawaiian Airlines Inc.,HA,Hawaiian Airlines Inc.,05375,D,3,3,2023,2
-4207.01,-1186.35,7455.39,0.00,,0.00,1035.81,,639.76,0.00,,0.00,217.19,0.00,0.00,9348.15,4870.16,1157.02,0.00,0.00,0.00,0.00,4280.08,227.24,0.00,10534.50,0.00,-2945.95,0.00,0.00,0.00,-74.71,-3020.66,-4207.01,0.00,-4207.01,0.00,0.00,0.00,,0.00,20401,3M,Silver Airways,3M,Silver Airways,11056,I,1,1,2023,2
-3924.37,-1156.19,240670.96,0.00,,0.00,0.00,,0.00,0.00,,0.00,0.00,0.00,0.00,240670.96,141939.55,51752.68,12214.94,8587.20,0.00,20301.23,0.00,7031.56,0.00,241827.15,0.00,-3707.27,0.00,0.00,2.93,-300.37,-4004.71,-5160.90,-1236.53,-3924.37,0.00,0.00,0.00,,0.00,20397,OH,PSA Airlines Inc.,OH,PSA Airlines Inc.,07028,D,2,2,2023,1
-3169.42,-2343.50,0.00,0.00,,0.00,0.00,,0.00,97473.80,,0.00,50.84,0.00,0.00,97524.64,36608.58,50744.21,0.00,2927.91,0.00,5052.81,,4534.63,0.00,99868.14,0.00,-825.92,0.00,0.00,0.00,0.00,-825.92,-3169.42,0.00,-3169.42,0.00,0.00,0.00,,0.00,19874,8C,Air Transport International,8C,Air Transport International,06029,D,2,2,2023,1
-2317.06,-2077.44,30082.35,0.00,,0.00,0.00,,5152.50,0.00,,0.00,762.23,0.00,28200.85,64197.94,35558.26,8482.10,0.00,0.00,0.00,0.00,20947.20,716.79,571.02,66275.38,-224.12,0.00,0.00,0.00,0.00,0.17,-223.95,-2301.39,15.68,-2317.06,0.00,0.00,0.00,,0.00,20207,XP,TEM Enterprises dba  Avelo Airlines,XP,TEM Enterprises dba  Avelo Airlines,06144,D,1,1,2023,2
-2041.55,17562.39,642530.07,0.00,,0.00,228953.02,,0.00,0.00,,28068.07,342365.72,0.00,2901.46,1244818.34,635073.96,76488.06,71658.11,101189.01,44059.09,228796.51,0.00,69991.22,0.00,1227255.95,0.00,-3886.36,-665.57,0.00,0.00,0.00,-4551.93,13010.46,15052.00,-2041.55,0.00,0.00,0.00,,0.00,20416,NK,Spirit Air Lines,NK,Spirit Air Lines,06830,D,3,3,2023,2
-2003.61,570.30,0.00,476.87,,30266.61,0.00,,0.00,30458.47,,0.00,746.11,0.00,2244.48,64192.54,34406.26,10130.01,,6829.09,135.08,7362.69,,1817.26,2941.85,63622.24,-2087.83,-236.95,0.00,0.00,0.00,-203.96,-2528.74,-1958.44,45.18,-2003.61,0.00,0.00,0.00,,0.00,20151,M6,Amerijet International,M6,Amerijet International,16052,L,2,2,2023,1
-1862.54,-2043.80,,7103.00,,571.50,,,,321.98,,,,,,7996.47,4615.53,209.10,,2228.96,,1626.61,,1360.08,,10040.28,,,,,,181.27,181.27,-1862.54,,-1862.54,,,,,,20177,PFQ,Asia Pacific,PFQ,Asia Pacific,06070,D,1,1,2023,1
-1855.17,-3850.01,59036.80,0.00,,0.00,0.00,,0.00,0.00,,0.00,0.00,0.00,95.02,59131.81,22988.92,25440.20,2481.58,957.77,0.00,5760.99,0.00,5350.18,2.19,62981.82,-1.56,0.00,0.00,-82.93,375.90,1042.96,1334.37,-2515.63,-660.47,-1855.17,0.00,0.00,0.00,,0.00,20046,ZW,Air Wisconsin Airlines Corp,ZW,Air Wisconsin Airlines Corp,06024,D,2,2,2023,1
-1644.26,-1443.01,0.00,0.00,,0.00,0.00,,14463.06,2315.54,,0.00,1950.18,0.00,0.00,18728.78,10392.02,2723.00,0.00,1706.27,0.14,3686.80,0.00,1663.56,0.00,20171.79,-355.53,0.00,0.00,154.27,0.00,0.00,-201.25,-1644.26,0.00,-1644.26,0.00,0.00,0.00,,0.00,21161,09Q,"Swift Air, LLC d/b/a Eastern Air Lines d/b/a Eastern",09Q,"Swift Air, LLC d/b/a Eastern Air Lines d/b/a Easte",11054,I,2,2,2023,1
-1551.17,-1283.01,0.00,0.00,,0.00,0.00,,13337.27,22.08,,0.00,0.00,0.00,0.12,13359.47,8316.80,1328.40,1473.45,1609.51,4.15,910.87,0.00,999.31,0.00,14642.48,0.00,-396.93,0.00,0.00,0.00,128.77,-268.16,-1551.17,0.00,-1551.17,0.00,0.00,0.00,,0.00,20377,X9,Omni Air International LLC,X9,Omni Air International LLC,06738,D,2,2,2023,1
-1490.21,-1296.51,,,,,,,,,,,,,11920.06,11920.06,7453.09,2458.03,,,,,2860.48,444.96,,13216.56,-193.71,,,,,,-193.71,-1490.21,,-1490.21,,,,,,21754,2PQ,21 Air LLC,2PQ,21 Air LLC,01207,S,1,1,2023,1
-1445.63,-1512.46,4343.57,0.00,,0.00,0.00,,0.00,0.00,,0.00,0.00,0.00,59.47,4403.04,2109.67,2251.46,490.87,170.50,2.75,287.93,0.00,602.33,0.00,5915.50,-67.74,0.00,0.00,12.16,0.00,5.25,-50.33,-1562.78,-117.15,-1445.63,0.00,0.00,0.00,,0.00,20304,OO,SkyWest Airlines Inc.,OO,SkyWest Airlines Inc.,11025,L,3,3,2023,2
-1423.17,-1547.11,,3921.00,,728.46,,,,488.76,,,,,,5138.22,3578.76,-64.76,,661.13,,1152.32,,1357.88,,6685.33,,,,,,123.94,123.94,-1423.17,,-1423.17,,,,,,20177,PFQ,Asia Pacific,PFQ,Asia Pacific,06070,D,1,1,2023,2
-1274.31,-1332.03,3867.82,0.00,,0.00,0.00,,0.00,0.00,,0.00,0.00,0.00,90.37,3958.19,2492.80,1359.64,457.17,219.28,1.99,247.89,0.00,511.46,0.00,5290.22,-52.94,0.00,0.00,13.46,0.00,7.44,-32.03,-1364.07,-89.76,-1274.31,0.00,0.00,0.00,,0.00,20304,OO,SkyWest Airlines Inc.,OO,SkyWest Airlines Inc.,11025,L,3,3,2023,1
-1128.80,-1157.50,0.00,0.00,,0.00,0.00,,9607.78,0.00,,0.00,364.87,0.00,0.00,9972.65,9282.36,799.32,0.00,0.00,0.00,0.00,1019.50,28.97,0.00,11130.14,0.00,0.00,0.00,0.00,0.00,28.69,28.69,-1128.80,0.00,-1128.80,0.00,0.00,0.00,,0.00,21875,37Q,"Hillwood Airways, LLC  f/k/a   ATX Air Services, LLC",37Q,"Hillwood Airways, LLC  f/k/a   ATX Air Services, L",01225,S,1,1,2023,1
-1085.68,-1087.57,1751.03,0.00,,0.00,0.00,,0.00,0.00,,0.00,0.00,0.00,0.00,1751.03,1423.01,852.12,304.72,9.15,0.00,211.74,0.00,37.86,0.00,2838.61,-0.22,0.00,0.00,0.00,0.00,2.11,1.89,-1085.68,0.00,-1085.68,0.00,0.00,0.00,,0.00,20363,9E,Endeavor Air Inc.,9E,Endeavor Air Inc.,11027,L,2,2,2023,1
-980.29,-1884.36,0.00,5500.19,,4612.91,0.00,,0.00,13974.73,,0.00,738.88,0.00,54.02,24880.72,8910.44,9354.50,0.00,3213.90,185.59,2537.31,0.00,2561.41,1.93,26765.09,0.00,0.00,0.00,0.00,0.00,904.08,904.08,-980.29,0.00,-980.29,0.00,0.00,0.00,,0.00,20169,L2,Lynden Air Cargo Airlines,L2,Lynden Air Cargo Airlines,06699,D,2,2,2023,2
-931.17,-948.50,1478.31,0.00,,0.00,0.00,,0.00,0.00,,0.00,0.00,0.00,0.00,1478.31,1153.16,770.33,280.03,10.87,0.00,190.04,0.00,22.38,0.00,2426.81,-0.19,0.00,0.00,0.00,0.00,17.52,17.33,-931.17,0.00,-931.17,0.00,0.00,0.00,,0.00,20363,9E,Endeavor Air Inc.,9E,Endeavor Air Inc.,11027,L,2,2,2023,2
-760.73,-768.16,0.00,0.00,,0.00,0.00,,8799.15,0.00,,0.00,1105.05,0.00,0.00,9904.20,9143.56,408.56,0.00,0.00,0.00,0.00,1091.01,29.24,0.00,10672.37,0.00,0.00,0.00,0.00,0.00,7.43,7.43,-760.73,0.00,-760.73,0.00,0.00,0.00,,0.00,21875,37Q,"Hillwood Airways, LLC  f/k/a   ATX Air Services, LLC",37Q,"Hillwood Airways, LLC  f/k/a   ATX Air Services, L",01225,S,1,1,2023,2
-678.02,-682.89,0.00,0.00,,0.00,0.00,,0.00,0.00,,0.00,417.84,0.00,329.19,747.03,26831.62,7318.23,58.82,0.00,0.00,-33340.62,,183.99,377.89,1429.92,0.00,0.00,0.00,0.00,0.00,5.67,5.67,-677.22,0.80,-678.02,0.00,0.00,0.00,,0.00,21979,3FQ,"Western Air Charter, Inc.  d/b/a  Jet Edge",3FQ,"Western Air Charter, Inc.  d/b/a  Jet Edge",01235,D,2,2,2023,2
-570.00,8578.00,92409.00,0.00,,0.00,0.00,,0.00,0.00,,0.00,7.00,0.00,0.00,92415.00,26167.00,21854.00,6515.00,5778.00,0.00,12754.00,0.00,10769.00,0.00,83837.00,-3919.00,-5449.00,0.00,141.00,0.00,237.00,-8990.00,-411.00,159.00,-570.00,0.00,0.00,0.00,,0.00,19687,QX,Horizon Air,QX,Horizon Air,06580,D,2,2,2023,2
-307.76,2647.49,96860.11,0.00,,0.00,34514.21,,0.00,0.00,,4231.21,51610.94,0.00,437.39,187653.86,95736.12,11530.42,10802.32,15254.04,6641.82,34490.61,0.00,10551.04,0.00,185006.36,0.00,-585.86,-100.33,0.00,0.00,0.00,-686.20,1961.30,2269.06,-307.76,0.00,0.00,0.00,,0.00,20416,NK,Spirit Air Lines,NK,Spirit Air Lines,16831,L,3,3,2023,2
-24.84,-289.77,0.00,0.00,22567.49,22567.49,0.00,675.55,0.00,675.55,39537.66,0.00,39537.66,0.00,0.00,62780.70,52805.90,157.69,0.00,5514.53,1982.68,899.46,,90.99,1619.23,63070.48,179.92,0.00,86.05,0.00,0.00,0.00,265.96,-23.81,1.03,-24.84,0.00,0.00,0.00,-24.84,0.00,20100,PO,Polar Air Cargo Airways,PO,Polar Air Cargo Airways,06758,D,3,3,2023,2
-18.67,-12.34,689.15,0.00,,0.00,0.00,,0.00,0.00,,0.00,0.00,0.00,0.00,689.15,377.42,176.03,43.18,25.46,0.00,58.98,0.00,20.43,0.00,701.49,0.00,-12.02,0.00,0.00,0.07,-0.27,-12.23,-24.57,-5.90,-18.67,0.00,0.00,0.00,,0.00,20397,OH,PSA Airlines Inc.,OH,PSA Airlines Inc.,11030,L,2,2,2023,2
-6.99,-2.02,431.57,0.00,,0.00,0.00,,0.00,0.00,,0.00,0.00,0.00,0.00,431.57,250.06,92.81,26.37,15.38,0.00,36.38,0.00,12.61,0.00,433.60,0.00,-6.65,0.00,0.00,0.01,-0.54,-7.18,-9.21,-2.22,-6.99,0.00,0.00,0.00,,0.00,20397,OH,PSA Airlines Inc.,OH,PSA Airlines Inc.,11030,L,2,2,2023,1
-0.80,-27.50,0.00,0.00,2210.31,2210.31,0.00,185.07,0.00,185.07,3782.73,0.00,3782.73,0.00,0.00,6178.11,5235.03,16.98,0.00,506.24,149.34,113.87,,9.44,174.71,6205.61,19.12,0.00,7.59,0.00,0.00,0.00,26.70,-0.80,0.00,-0.80,0.00,0.00,0.00,-0.80,0.00,20100,PO,Polar Air Cargo Airways,PO,Polar Air Cargo Airways,16757,A,3,3,2023,1
-0.35,-243.98,0.00,0.00,20165.26,20165.26,0.00,1688.46,0.00,1688.46,34510.93,0.00,34510.93,0.00,0.00,56364.65,47753.83,154.93,0.00,4618.54,1362.45,1038.82,,86.15,1593.91,56608.63,174.40,0.00,69.23,0.00,0.00,0.00,243.63,-0.35,0.00,-0.35,0.00,0.00,0.00,-0.35,0.00,20100,PO,Polar Air Cargo Airways,PO,Polar Air Cargo Airways,06758,D,3,3,2023,1
0.00,0.00,,,,,,,,0.00,,,,,,0.00,0.00,0.00,,,,,0.00,0.00,0.00,0.00,0.00,0.00,,,,0.00,0.00,0.00,,,,,,,,20372,KLQ,Kalitta Charters II,KLQ,Kalitta Charters II,16770,I,1,1,2023,1
0.00,0.00,0.00,0.00,,0.00,0.00,,0.00,0.00,,0.00,0.00,0.00,0.00,0.00,0.00,0.00,0.00,0.00,0.00,0.00,0.00,0.00,0.00,0.00,0.00,0.00,0.00,0.00,0.00,0.00,0.00,0.00,0.00,0.00,0.00,0.00,0.00,,0.00,19687,QX,Horizon Air,QX,Horizon Air,11023,L,2,2,2023,1
0.00,0.00,0.00,0.00,,0.00,0.00,,0.00,0.00,,0.00,0.00,0.00,0.00,0.00,0.00,0.00,0.00,0.00,0.00,0.00,0.00,0.00,0.00,0.00,0.00,0.00,0.00,0.00,0.00,0.00,0.00,0.00,0.00,0.00,0.00,0.00,0.00,,0.00,20445,C5,CommuteAir LLC dba CommuteAir,C5,CommuteAir LLC dba CommuteAir,11059,L,2,2,2023,1
0.00,0.00,0.00,0.00,,0.00,0.00,,0.00,0.00,,0.00,0.00,0.00,0.00,0.00,0.00,0.00,0.00,0.00,0.00,0.00,0.00,0.00,0.00,0.00,0.00,0.00,0.00,0.00,0.00,0.00,0.00,0.00,0.00,0.00,0.00,0.00,0.00,,0.00,20445,C5,CommuteAir LLC dba CommuteAir,C5,CommuteAir LLC dba CommuteAir,11059,L,2,2,2023,2
0.00,0.00,0.00,0.00,,0.00,0.00,,0.00,0.00,,0.00,0.00,0.00,0.00,0.00,0.00,0.00,0.00,0.00,0.00,0.00,0.00,0.00,0.00,0.00,0.00,0.00,0.00,0.00,0.00,0.00,0.00,0.00,0.00,0.00,0.00,0.00,0.00,,0.00,21577,1TQ,Rhoades Aviation dba Transair,1TQ,Rhoades Aviation dba Transair,81002,I,1,1,2023,1
0.00,0.00,0.00,0.00,,0.00,0.00,,0.00,0.00,,0.00,0.00,0.00,0.00,0.00,0.00,0.00,0.00,0.00,0.00,0.00,0.00,0.00,0.00,0.00,0.00,0.00,0.00,0.00,0.00,0.00,0.00,0.00,0.00,0.00,0.00,0.00,0.00,,0.00,21979,3FQ,"Western Air Charter, Inc.  d/b/a  Jet Edge",3FQ,"Western Air Charter, Inc.  d/b/a  Jet Edge",11057,I,2,2,2023,1
0.00,0.00,0.00,0.00,,0.00,0.00,,0.00,0.00,,0.00,0.00,0.00,0.00,0.00,0.00,0.00,0.00,0.00,0.00,0.00,0.00,0.00,0.00,0.00,0.00,0.00,0.00,0.00,0.00,0.00,0.00,0.00,0.00,0.00,0.00,0.00,0.00,,0.00,21979,3FQ,"Western Air Charter, Inc.  d/b/a  Jet Edge",3FQ,"Western Air Charter, Inc.  d/b/a  Jet Edge",11057,I,2,2,2023,2
1.14,-1060.16,0.00,0.00,87843.61,87843.61,0.00,7355.24,0.00,7355.24,150336.03,0.00,150336.03,0.00,0.00,245534.88,208021.90,674.90,0.00,20119.20,5935.08,4525.31,,375.29,6943.37,246595.04,759.73,0.00,301.58,0.00,0.00,0.00,1061.30,1.14,0.00,1.14,0.00,0.00,0.00,1.14,0.00,20100,PO,Polar Air Cargo Airways,PO,Polar Air Cargo Airways,16758,P,3,3,2023,1
2.49,-11.17,0.00,0.00,1163.79,1163.79,0.00,34.84,0.00,34.84,2038.93,0.00,2038.93,0.00,0.00,3237.56,2719.40,8.13,0.00,284.38,102.25,46.39,,4.69,83.50,3248.74,9.28,0.00,4.44,0.00,0.00,0.00,13.72,2.54,0.05,2.49,0.00,0.00,0.00,2.49,0.00,20100,PO,Polar Air Cargo Airways,PO,Polar Air Cargo Airways,16757,A,3,3,2023,2
19.24,-482.88,42020.67,0.00,,0.00,17099.80,,0.00,0.00,,5242.71,2071.56,0.00,1206.44,67641.18,43969.85,4280.76,3609.21,10735.23,3602.60,1259.29,0.00,667.11,0.00,68124.07,-401.89,909.88,0.00,0.00,0.00,0.00,507.98,25.10,5.86,19.24,0.00,0.00,0.00,,0.00,20436,F9,Frontier Airlines Inc.,F9,Frontier Airlines Inc.,16461,L,3,3,2023,1
22.36,-1025.35,0.00,0.00,89245.78,89245.78,0.00,2671.53,0.00,2671.53,156356.30,0.00,156356.30,0.00,0.00,248273.61,208706.50,623.61,0.00,21807.83,7840.73,3557.02,,359.81,6403.45,249298.95,711.50,0.00,340.28,0.00,0.00,0.00,1051.78,26.44,4.08,22.36,0.00,0.00,0.00,22.36,0.00,20100,PO,Polar Air Cargo Airways,PO,Polar Air Cargo Airways,16758,P,3,3,2023,2
42.20,15.60,12988.38,0.00,,0.00,0.00,,0.00,0.00,,0.00,2.46,,1.07,12991.91,4846.05,2292.06,554.29,3194.93,12.21,1949.05,0.00,127.61,0.12,12976.31,0.00,0.00,0.10,0.00,0.00,39.89,39.99,55.59,13.39,42.20,0.00,0.00,0.00,,0.00,20398,MQ,Envoy Air,MQ,Envoy Air,16820,L,3,3,2023,1
57.64,103.31,994.68,0.00,,0.00,0.00,,0.00,0.00,,0.00,10.64,0.00,0.00,1005.32,318.29,261.59,85.28,16.25,0.00,115.19,0.00,105.40,0.00,902.01,-23.05,-2.95,0.00,0.00,0.00,0.74,-25.25,78.06,20.42,57.64,0.00,0.00,0.00,,0.00,20452,YX,Republic Airline,YX,Republic Airline,11029,L,3,3,2023,1
70.20,129.99,970.06,0.00,,0.00,0.00,,0.00,0.00,,0.00,12.53,0.00,0.00,982.59,297.55,267.58,85.82,15.69,0.00,81.38,0.00,104.57,0.00,852.59,-22.19,-5.71,0.00,-14.14,0.00,6.28,-35.76,94.23,24.03,70.20,0.00,0.00,0.00,,0.00,20452,YX,Republic Airline,YX,Republic Airline,11029,L,3,3,2023,2
80.17,162.35,,,,,,,,20172.22,,,,,,20172.22,6627.47,6427.56,,,,,3458.22,3408.74,87.88,20009.87,-79.46,0.00,,,,-2.72,-82.18,80.17,,,,,,,,20372,KLQ,Kalitta Charters II,KLQ,Kalitta Charters II,06774,D,1,1,2023,1
89.85,156.70,14308.88,0.00,,0.00,0.00,,0.00,0.00,,0.00,2.84,,0.76,14312.49,4902.14,2688.58,626.24,3619.21,28.48,2153.54,0.00,137.00,0.60,14155.78,0.00,0.00,0.01,0.00,0.00,-38.50,-38.48,118.22,28.37,89.85,0.00,0.00,0.00,,0.00,20398,MQ,Envoy Air,MQ,Envoy Air,16820,L,3,3,2023,2
120.07,167.09,55042.84,0.00,,0.00,0.00,,0.00,0.00,,0.00,0.00,0.00,2362.30,57405.15,33583.87,13820.35,2691.66,3194.24,0.00,3785.41,0.00,162.53,0.00,57238.05,-390.36,0.00,0.00,0.00,0.00,343.34,-47.02,120.07,0.00,120.07,0.00,0.00,0.00,,0.00,20500,G7,GoJet Airlines LLC d/b/a United Express,G7,GoJet Airlines LLC d/b/a United Express,07041,D,2,2,2023,2
257.09,437.75,0.00,,,5562.55,0.00,,0.00,4712.35,,0.00,211.68,0.00,0.00,10486.58,4353.03,4113.42,0.00,90.56,5.58,709.53,,538.48,238.23,10048.83,0.00,-180.66,0.00,0.00,0.00,0.00,-180.66,257.09,0.00,257.09,0.00,0.00,0.00,,0.00,20453,ABX,ABX Air Inc,ABX,ABX Air Inc,11009,A,2,2,2023,1
449.20,588.39,0.00,0.00,,0.00,0.00,,7130.68,31.81,,0.00,0.00,0.00,0.00,7162.49,3712.73,616.92,696.34,707.92,-0.08,413.51,0.00,426.76,0.00,6574.10,0.00,-164.72,0.00,0.00,0.00,25.52,-139.20,449.20,0.00,449.20,0.00,0.00,0.00,,0.00,20377,X9,Omni Air International LLC,X9,Omni Air International LLC,06738,D,2,2,2023,2
467.94,195.76,0.00,,,5922.81,0.00,,0.00,4050.91,,0.00,217.24,0.00,0.00,10190.97,4504.81,3800.98,0.00,86.56,7.24,802.20,,544.36,249.06,9995.20,0.00,272.17,0.00,0.00,0.00,0.00,272.17,467.94,0.00,467.94,0.00,0.00,0.00,,0.00,20453,ABX,ABX Air Inc,ABX,ABX Air Inc,11009,A,2,2,2023,2
539.48,517.48,0.00,0.00,,0.00,0.00,,0.00,0.00,,0.00,426.38,0.00,1549.17,1975.55,35286.58,10261.46,149.40,0.00,0.00,-44739.06,,183.99,315.70,1458.07,0.00,0.00,0.00,0.00,0.00,22.00,22.00,539.48,0.00,539.48,0.00,0.00,0.00,,0.00,21979,3FQ,"Western Air Charter, Inc.  d/b/a  Jet Edge",3FQ,"Western Air Charter, Inc.  d/b/a  Jet Edge",01235,D,2,2,2023,1
609.40,126.41,740.87,6366.33,,3568.55,38.36,,240.21,6405.33,,,11.12,,1158.09,18528.84,7550.07,5373.62,,,,,4533.45,748.02,197.27,18402.44,31.69,,,16.84,,434.47,482.99,609.40,,609.40,,,,,,20408,5V,Tatonduk Outfitters Limited d/b/a Everts Air Alaska and Everts Air Cargo,5V,Tatonduk Outfitters Limited d/b/a Everts Air Alask,06860,D,1,1,2023,1
828.77,828.77,0.00,0.00,,0.00,0.00,,0.00,0.00,,0.00,1787.18,0.00,0.00,1787.18,74.72,793.67,0.00,0.00,0.00,0.00,84.55,5.47,0.00,958.41,0.00,0.00,0.00,0.00,0.00,0.00,0.00,828.77,0.00,828.77,0.00,0.00,0.00,,0.00,21577,1TQ,Rhoades Aviation dba Transair,1TQ,Rhoades Aviation dba Transair,81001,D,1,1,2023,1
858.27,858.27,0.00,0.00,,0.00,0.00,,75.57,0.00,,0.00,0.00,0.00,2856.92,2932.49,0.00,0.00,0.00,0.00,0.00,0.00,84.92,0.00,1989.30,2074.21,0.00,0.00,0.00,0.00,0.00,0.00,0.00,858.27,0.00,858.27,0.00,0.00,0.00,,0.00,21652,27Q,"Jet Aviation Flight Services, Inc.",27Q,"Jet Aviation Flight Services, Inc.",11046,I,1,1,2023,2
914.78,942.35,0.00,0.00,,0.00,0.00,,5462.00,0.00,,0.00,1477.40,0.00,2205.52,9144.92,3751.09,1286.57,247.96,1526.58,2.88,866.63,0.00,520.86,0.00,8202.57,0.00,0.00,0.00,0.00,0.00,-27.57,-27.57,914.78,0.00,914.78,0.00,0.00,0.00,,0.00,20310,WL,"Caribbean Sun Airlines, Inc. d/b/a World Atlantic Airlines",WL,"Caribbean Sun Airlines, Inc. d/b/a World Atlantic ",16076,I,1,1,2023,2
978.08,1460.78,0.00,0.00,,0.00,0.00,,0.00,9128.09,,0.00,0.00,0.00,0.00,9128.09,5454.29,679.34,0.00,0.00,0.00,0.00,1363.80,169.88,0.00,7667.31,0.00,-54.69,0.00,0.00,0.00,77.57,22.89,1483.66,505.59,978.08,0.00,0.00,0.00,,0.00,20166,GFQ,Gulf And Caribbean Cargo,GFQ,Gulf And Caribbean Cargo,16565,I,1,1,2023,1
1036.94,1036.94,0.00,0.00,,0.00,0.00,,78.98,0.00,,0.00,0.00,0.00,2798.79,2877.77,0.00,0.00,0.00,0.00,0.00,0.00,79.40,0.00,1761.43,1840.83,0.00,0.00,0.00,0.00,0.00,0.00,0.00,1036.94,0.00,1036.94,0.00,0.00,0.00,,0.00,21652,27Q,"Jet Aviation Flight Services, Inc.",27Q,"Jet Aviation Flight Services, Inc.",11046,I,1,1,2023,1
1066.33,1278.12,,,,,,,,,,,,,13874.79,13874.79,7125.36,2160.79,,,,,2793.25,517.27,,12596.67,-211.79,,,,,,-211.79,1066.33,,1066.33,,,,,,21754,2PQ,21 Air LLC,2PQ,21 Air LLC,01207,S,1,1,2023,2
1306.84,1541.75,67025.81,0.00,,0.00,0.00,,0.00,0.00,,0.00,0.00,0.00,0.00,67025.81,23067.84,29716.46,2442.19,2774.80,72.62,6704.61,0.00,705.54,0.00,65484.06,0.00,-588.17,0.00,0.00,11.82,349.08,-227.27,1314.48,7.64,1306.84,0.00,0.00,0.00,,0.00,20445,C5,CommuteAir LLC dba CommuteAir,C5,CommuteAir LLC dba CommuteAir,06944,D,2,2,2023,1
1399.32,517.17,430699.60,0.00,,0.00,0.00,,0.00,0.00,,0.00,81.53,,35.62,430816.76,160696.83,76005.51,18380.40,105945.20,404.92,64631.34,0.00,4231.59,3.81,430299.59,0.00,0.00,3.39,0.00,0.00,1322.66,1326.05,1843.22,443.90,1399.32,0.00,0.00,0.00,,0.00,20398,MQ,Envoy Air,MQ,Envoy Air,06820,D,3,3,2023,1
1449.88,2016.52,0.00,0.00,,0.00,0.00,,0.00,10715.58,,0.00,301.70,0.00,0.00,11017.28,6402.86,797.49,0.00,0.00,0.00,0.00,1600.99,199.43,0.00,9000.76,0.00,-64.20,0.00,0.00,0.00,91.06,26.87,2043.39,593.51,1449.88,0.00,0.00,0.00,,0.00,20166,GFQ,Gulf And Caribbean Cargo,GFQ,Gulf And Caribbean Cargo,06565,D,1,1,2023,1
1454.72,1749.67,-428.34,0.00,,-224.78,0.63,,15452.93,0.00,,1951.80,21.00,0.00,40.17,16813.41,1707.96,2204.07,537.21,5471.33,446.98,670.28,483.37,2020.08,1522.47,15063.74,-355.27,0.00,0.00,0.00,0.00,0.00,-355.27,1394.40,-60.32,1454.72,0.00,0.00,0.00,,0.00,21492,1BQ,"Eastern Airlines f/k/a Dynamic Airways, LLC",1BQ,"Eastern Airlines f/k/a Dynamic Airways, LLC",11019,I,1,1,2023,2
1499.03,2552.41,0.00,,,32433.49,0.00,,0.00,27476.23,,0.00,1234.25,0.00,0.00,61143.97,25381.12,23984.06,0.00,528.03,32.55,4137.02,,3139.73,1389.06,58591.57,0.00,-1053.38,0.00,0.00,0.00,0.00,-1053.38,1499.03,0.00,1499.03,0.00,0.00,0.00,,0.00,20453,ABX,ABX Air Inc,ABX,ABX Air Inc,80006,D,2,2,2023,1
1685.24,1863.32,55216.92,0.00,,0.00,0.00,,0.00,0.00,,0.00,0.00,0.00,1860.03,57076.95,33260.33,12849.96,2413.99,3063.29,0.00,3461.79,0.00,164.27,0.00,55213.63,-389.01,0.00,0.00,0.00,0.00,210.93,-178.08,1685.24,0.00,1685.24,0.00,0.00,0.00,,0.00,20500,G7,GoJet Airlines LLC d/b/a United Express,G7,GoJet Airlines LLC d/b/a United Express,07041,D,2,2,2023,1
1697.86,1726.36,0.00,0.00,0.00,14005.68,0.00,0.00,0.00,5943.58,0.00,0.00,790.47,0.00,0.00,20739.72,12633.15,1625.07,0.00,394.45,0.00,4223.30,0.00,137.40,0.00,19013.37,0.00,-3.38,-27.09,,,1.98,-28.49,1697.86,0.00,1697.86,,,,,,20195,WI,Sky Lease Cargo,WI,Sky Lease Cargo,16884,I,2,2,2023,1
1702.60,1763.32,0.00,0.00,,0.00,0.00,,4628.22,0.00,,0.00,262.56,0.00,154.95,5045.73,1760.96,423.65,100.80,571.78,1.45,339.04,0.00,84.71,0.00,3282.40,0.00,0.00,0.00,0.00,0.00,-60.72,-60.72,1702.60,0.00,1702.60,0.00,0.00,0.00,,0.00,20310,WL,"Caribbean Sun Airlines, Inc. d/b/a World Atlantic Airlines",WL,"Caribbean Sun Airlines, Inc. d/b/a World Atlantic ",16076,I,1,1,2023,1
1744.40,1716.85,63548.30,0.00,,0.00,0.00,,0.00,0.00,,0.00,0.00,0.00,0.00,63548.30,20086.32,29162.33,2350.24,2709.81,30.94,6861.60,0.00,630.21,0.00,61831.45,0.00,-605.98,0.00,0.00,-8.70,870.26,255.57,1972.42,228.02,1744.40,0.00,0.00,0.00,,0.00,20445,C5,CommuteAir LLC dba CommuteAir,C5,CommuteAir LLC dba CommuteAir,06944,D,2,2,2023,2
1853.23,1761.09,0.00,0.00,,0.00,0.00,,0.00,7348.93,,0.00,0.00,0.00,0.00,7348.93,3797.34,554.15,0.00,0.00,0.00,0.00,1048.00,188.35,0.00,5587.84,0.00,-60.59,0.00,0.00,0.00,114.02,53.43,1814.52,-38.71,1853.23,0.00,0.00,0.00,,0.00,20166,GFQ,Gulf And Caribbean Cargo,GFQ,Gulf And Caribbean Cargo,16565,I,1,1,2023,2
1864.24,2005.23,0.00,0.00,,0.00,0.00,,0.00,134286.32,,0.00,385.44,0.00,0.00,134671.76,107001.76,10137.76,0.00,7631.92,0.02,6796.01,,1099.06,0.00,132666.53,-2.62,0.00,-52.91,0.00,0.00,-85.46,-140.99,1864.24,0.00,1864.24,0.00,0.00,0.00,,0.00,20405,N8,National Air Cargo Group Inc d/ba National Airlines,N8,National Air Cargo Group Inc d/ba National Airline,11049,I,2,2,2023,2
2055.40,1966.87,0.00,0.00,,0.00,0.00,,0.00,7060.74,,0.00,274.84,0.00,0.00,7335.58,3648.43,532.42,0.00,0.00,0.00,0.00,1006.90,180.96,0.00,5368.71,0.00,-58.21,0.00,0.00,0.00,109.55,51.34,2018.20,-37.19,2055.40,0.00,0.00,0.00,,0.00,20166,GFQ,Gulf And Caribbean Cargo,GFQ,Gulf And Caribbean Cargo,06565,D,1,1,2023,2
2169.58,2238.56,0.00,0.00,,0.00,0.00,,26473.47,6282.93,,0.00,10.39,0.00,0.00,32766.79,18572.72,7752.95,2427.25,641.31,0.00,386.88,,747.13,0.00,30528.23,0.00,-68.98,0.00,0.00,0.00,0.00,-68.98,2169.58,0.00,2169.58,0.00,0.00,0.00,,0.00,19874,8C,Air Transport International,8C,Air Transport International,16028,A,2,2,2023,2
2239.63,2307.13,0.00,0.00,,0.00,0.00,,13372.47,0.00,,0.00,3617.09,0.00,5399.71,22389.28,9183.71,3149.88,607.07,3737.49,7.04,2121.75,0.00,1275.21,0.00,20082.15,0.00,0.00,0.00,0.00,0.00,-67.50,-67.50,2239.63,0.00,2239.63,0.00,0.00,0.00,,0.00,20310,WL,"Caribbean Sun Airlines, Inc. d/b/a World Atlantic Airlines",WL,"Caribbean Sun Airlines, Inc. d/b/a World Atlantic ",06076,D,1,1,2023,2
2328.45,2716.24,107197.52,0.00,,0.00,0.00,,0.00,0.00,,0.00,79416.12,0.00,0.00,186613.64,49196.21,25160.56,4351.41,70640.96,0.00,30592.91,0.00,3955.36,0.00,183897.40,0.00,0.00,0.00,-41.57,42.90,378.98,380.31,3096.55,768.10,2328.45,0.00,0.00,0.00,,0.00,20427,PT,Piedmont Airlines,PT,Piedmont Airlines,06918,D,2,2,2023,2
2371.35,2739.93,-26.28,0.00,,-113.91,0.75,,7956.20,0.00,,852.93,0.00,0.00,-27.69,8641.99,1188.69,1378.59,240.31,3179.43,135.64,-3124.20,156.12,1850.92,896.55,5902.06,-368.59,0.00,0.00,0.00,0.00,0.00,-368.59,2371.35,0.00,2371.35,0.00,0.00,0.00,,0.00,21492,1BQ,"Eastern Airlines f/k/a Dynamic Airways, LLC",1BQ,"Eastern Airlines f/k/a Dynamic Airways, LLC",11019,I,1,1,2023,1
2595.57,1085.87,0.00,,,32852.95,0.00,,0.00,22469.82,,0.00,1205.02,0.00,0.00,56527.79,24987.52,21083.46,0.00,480.15,40.14,4449.69,,3019.48,1381.48,55441.91,0.00,1509.70,0.00,0.00,0.00,0.00,1509.70,2595.57,0.00,2595.57,0.00,0.00,0.00,,0.00,20453,ABX,ABX Air Inc,ABX,ABX Air Inc,80006,D,2,2,2023,2
2647.94,4618.03,421683.26,0.00,,0.00,0.00,,0.00,0.00,,0.00,83.75,,22.45,421789.46,144466.30,79232.67,18455.36,106658.13,839.31,63464.80,0.00,4037.25,17.61,417171.43,0.00,0.00,0.39,0.00,0.00,-1134.48,-1134.10,3483.94,835.99,2647.94,0.00,0.00,0.00,,0.00,20398,MQ,Envoy Air,MQ,Envoy Air,06820,D,3,3,2023,2
2749.81,2767.28,56329.24,0.00,,0.00,20815.20,,0.00,0.00,,6803.85,2790.96,0.00,2906.54,89645.79,51040.03,5863.26,4859.72,15479.94,4420.85,4693.54,0.00,521.17,0.00,86878.51,-496.26,1119.19,0.00,0.00,0.00,0.00,622.94,3390.22,640.41,2749.81,0.00,0.00,0.00,,0.00,20436,F9,Frontier Airlines Inc.,F9,Frontier Airlines Inc.,16461,L,3,3,2023,2
2845.55,2922.60,,14759.88,,6187.30,,,,125.00,,,,,7674.19,28746.36,10023.19,6377.92,,1753.69,552.82,404.27,,5666.49,1045.39,25823.76,-264.83,223.58,,-32.79,,-3.01,-77.05,2845.55,0.00,,,,,,,20370,KAQ,Kalitta Air LLC,KAQ,Kalitta Air LLC,06683,D,3,3,2023,2
3189.01,3733.68,105190.55,0.00,,0.00,0.00,,0.00,0.00,,0.00,81477.93,0.00,0.00,186668.48,50517.38,21230.93,5386.91,73368.01,0.00,28538.54,0.00,3893.04,0.00,182934.80,0.00,0.00,0.00,-60.60,96.42,430.21,466.03,4199.71,1010.70,3189.01,0.00,0.00,0.00,,0.00,20427,PT,Piedmont Airlines,PT,Piedmont Airlines,06918,D,2,2,2023,1
3276.22,2817.29,882.90,7035.88,,4731.40,51.80,,268.66,6980.70,,,26.27,,1236.03,21213.74,7503.29,4993.38,,,,,4719.20,1052.48,128.11,18396.45,78.52,,,0.18,,380.23,458.93,3276.22,,3276.22,,,,,,20408,5V,Tatonduk Outfitters Limited d/b/a Everts Air Alaska and Everts Air Cargo,5V,Tatonduk Outfitters Limited d/b/a Everts Air Alask,06860,D,1,1,2023,2
4002.46,20339.77,109831.38,23.11,,23393.59,21015.84,,37413.68,850.66,,3649.41,1153.98,0.00,16201.94,213533.58,95043.38,17827.40,8403.46,21217.17,9587.59,24056.10,0.00,16951.22,107.49,193193.81,-7485.83,-43.41,0.00,0.00,339.63,2206.27,-4983.33,15356.44,11353.99,4002.46,0.00,0.00,0.00,,0.00,20422,SY,Sun Country Airlines d/b/a MN Airlines,SY,Sun Country Airlines d/b/a MN Airlines,06795,D,2,2,2023,1
4397.51,4586.35,0.00,0.00,0.00,0.00,0.00,0.00,0.00,4915.37,0.00,0.00,52.64,,45681.44,50649.44,1766.81,488.13,0.00,173.79,1.57,2406.67,,379.52,40846.61,46063.10,-193.47,0.00,0.00,10.61,,0.00,-182.86,4403.49,5.97,4397.51,,,0.00,4397.51,,20447,U7,USA Jet Airlines Inc.,U7,USA Jet Airlines Inc.,16917,I,3,3,2023,1
4448.55,5409.64,0.00,0.00,,0.00,0.00,,0.00,99454.61,,0.00,156.73,0.00,0.00,99611.34,34407.44,46909.36,0.00,2666.28,0.00,5443.96,,4774.66,0.00,94201.70,0.00,-961.09,0.00,0.00,0.00,0.00,-961.09,4448.55,0.00,4448.55,0.00,0.00,0.00,,0.00,19874,8C,Air Transport International,8C,Air Transport International,06029,D,2,2,2023,2
4562.00,7443.00,131503.00,0.00,,-97.00,6154.00,,521.00,23.00,,3061.00,0.00,0.00,0.00,141165.00,50095.00,11596.00,11701.00,21913.00,8046.00,23967.00,,6403.00,0.00,133722.00,-1534.00,429.00,0.00,0.00,-989.00,787.00,-1306.00,6137.00,1575.00,4562.00,0.00,0.00,0.00,,0.00,19930,AS,Alaska Airlines Inc.,AS,Alaska Airlines Inc.,16031,L,3,3,2023,2
4775.25,517.67,0.00,0.00,,0.00,0.00,,19502.09,0.00,,0.00,26.50,0.00,0.00,19528.59,2155.50,2781.61,677.98,6904.99,564.10,845.91,610.03,2549.40,1921.41,19010.92,-448.36,0.00,0.00,0.00,0.00,4629.82,4181.46,4699.13,-76.12,4775.25,0.00,0.00,0.00,,0.00,21492,1BQ,"Eastern Airlines f/k/a Dynamic Airways, LLC",1BQ,"Eastern Airlines f/k/a Dynamic Airways, LLC",01159,D,1,1,2023,2
4845.87,5018.69,0.00,0.00,,0.00,0.00,,13172.61,0.00,,0.00,747.29,0.00,441.00,14360.91,5011.97,1205.79,286.89,1627.39,4.13,964.96,0.00,241.09,0.00,9342.22,0.00,0.00,0.00,0.00,0.00,-172.82,-172.82,4845.87,0.00,4845.87,0.00,0.00,0.00,,0.00,20310,WL,"Caribbean Sun Airlines, Inc. d/b/a World Atlantic Airlines",WL,"Caribbean Sun Airlines, Inc. d/b/a World Atlantic ",06076,D,1,1,2023,1
5349.56,5638.39,0.00,0.00,0.00,0.00,0.00,0.00,0.00,6396.11,0.00,0.00,144.42,,65419.71,71960.24,2381.81,704.11,0.00,283.45,4.61,3531.71,,524.12,58892.05,66321.86,-270.82,0.00,0.00,8.43,,0.00,-262.39,5376.00,26.44,5349.56,,,0.00,5349.56,,20447,U7,USA Jet Airlines Inc.,U7,USA Jet Airlines Inc.,16917,I,3,3,2023,2
6182.54,6182.54,0.00,0.00,,0.00,0.00,,0.00,7746.61,,0.00,160.35,0.00,0.00,7906.96,1158.10,197.95,0.00,345.38,0.00,22.98,0.00,0.00,0.00,1724.42,0.00,0.00,0.00,0.00,0.00,0.00,0.00,6182.54,0.00,6182.54,0.00,0.00,0.00,,0.00,20169,L2,Lynden Air Cargo Airlines,L2,Lynden Air Cargo Airlines,11040,I,2,2,2023,1
6350.70,6350.70,0.00,0.00,,0.00,0.00,,421.00,0.00,,0.00,0.00,0.00,27485.04,27906.04,0.00,0.00,0.00,0.00,0.00,0.00,621.40,0.00,20933.94,21555.34,0.00,0.00,0.00,0.00,0.00,0.00,0.00,6350.70,0.00,6350.70,0.00,0.00,0.00,,0.00,21652,27Q,"Jet Aviation Flight Services, Inc.",27Q,"Jet Aviation Flight Services, Inc.",01194,D,1,1,2023,2
6454.62,6518.70,0.00,0.00,,0.00,0.00,,29297.01,5596.13,,0.00,-1.74,0.00,0.00,34891.40,18922.38,5415.73,2180.74,731.78,0.00,391.31,,730.76,0.00,28372.69,0.00,-64.08,0.00,0.00,0.00,0.00,-64.08,6454.62,0.00,6454.62,0.00,0.00,0.00,,0.00,19874,8C,Air Transport International,8C,Air Transport International,16028,A,2,2,2023,1
6934.55,6926.53,0.00,0.00,0.00,25290.69,0.00,0.00,0.00,9130.76,0.00,0.00,3302.76,0.00,0.00,37724.22,20047.66,6008.51,0.00,873.04,0.00,3747.57,0.00,120.91,0.00,30797.69,0.00,-3.76,-0.02,,,11.81,8.03,6934.55,0.00,6934.55,,,,,,20195,WI,Sky Lease Cargo,WI,Sky Lease Cargo,16884,I,2,2,2023,2
6959.24,6959.24,0.00,0.00,,0.00,0.00,,432.77,0.00,,0.00,0.00,0.00,25575.79,26008.57,0.00,0.00,0.00,0.00,0.00,0.00,580.49,0.00,18468.84,19049.32,0.00,0.00,0.00,0.00,0.00,0.00,0.00,6959.24,0.00,6959.24,0.00,0.00,0.00,,0.00,21652,27Q,"Jet Aviation Flight Services, Inc.",27Q,"Jet Aviation Flight Services, Inc.",01194,D,1,1,2023,1
7376.12,3346.83,0.00,0.00,,0.00,0.00,,12963.12,0.00,,0.00,0.00,0.00,0.00,12963.12,1936.75,2246.15,391.55,5180.29,221.00,-5090.30,254.37,3015.73,1460.76,9616.29,-600.54,0.00,0.00,0.00,0.00,4629.82,4029.28,7376.12,0.00,7376.12,0.00,0.00,0.00,,0.00,21492,1BQ,"Eastern Airlines f/k/a Dynamic Airways, LLC",1BQ,"Eastern Airlines f/k/a Dynamic Airways, LLC",01159,D,1,1,2023,1
7706.05,7706.05,0.00,0.00,,0.00,0.00,,0.00,8561.31,,0.00,622.26,0.00,0.00,9183.57,896.81,246.79,0.00,298.26,0.08,35.57,0.00,0.00,0.00,1477.52,0.00,0.00,0.00,0.00,0.00,0.00,0.00,7706.05,0.00,7706.05,0.00,0.00,0.00,,0.00,20169,L2,Lynden Air Cargo Airlines,L2,Lynden Air Cargo Airlines,11040,I,2,2,2023,2
9245.83,10188.51,21366.15,0.00,,0.00,2690.03,,3366.79,2097.23,,446.47,0.00,0.00,8416.56,38383.22,10891.25,2030.06,1388.41,5140.82,1299.27,3087.15,0.00,4358.19,-0.45,28194.71,-1162.80,-3.73,0.00,0.00,-25.50,249.35,-942.68,9245.83,0.00,9245.83,0.00,0.00,0.00,,0.00,20422,SY,Sun Country Airlines d/b/a MN Airlines,SY,Sun Country Airlines d/b/a MN Airlines,16795,L,2,2,2023,2
11022.58,16221.16,58609.69,0.00,,1.58,1624.84,,0.00,0.00,,160.11,72.23,0.00,1632.26,62100.71,19319.93,2566.70,5454.48,9850.34,3057.52,3540.92,,2069.24,20.41,45879.56,-1172.68,119.15,43.49,38.24,5.91,55.06,-910.84,15310.31,4287.73,11022.58,0.00,0.00,0.00,0.00,0.00,20409,B6,JetBlue Airways,B6,JetBlue Airways,10875,A,3,3,2023,1
11125.90,25398.10,105603.50,-0.47,,25036.45,22112.78,,44036.92,124.53,,3670.11,1197.08,0.00,20922.07,222702.96,87957.70,20829.06,8899.44,25012.74,9813.52,26799.50,0.00,17996.75,-3.86,197304.86,-10040.24,-32.16,0.00,0.00,-220.19,2152.98,-8139.61,17258.49,6132.59,11125.90,0.00,0.00,0.00,,0.00,20422,SY,Sun Country Airlines d/b/a MN Airlines,SY,Sun Country Airlines d/b/a MN Airlines,06795,D,2,2,2023,2
12825.08,15821.11,0.00,0.00,,0.00,0.00,,160056.59,0.00,,0.00,0.00,0.00,0.08,160056.67,82353.49,13527.36,14987.78,15237.01,-1.66,8900.32,0.00,9231.26,0.00,144235.56,0.00,-3545.29,0.00,0.00,0.00,549.25,-2996.03,12825.08,0.00,12825.08,0.00,0.00,0.00,,0.00,20377,X9,Omni Air International LLC,X9,Omni Air International LLC,16736,I,2,2,2023,2
13256.18,22047.41,60689.37,0.00,,0.64,2888.45,,0.00,0.00,,306.05,137.26,0.00,2744.12,66765.88,17004.87,2492.84,6003.39,10394.15,3328.98,3375.88,,2098.42,19.95,44718.47,-1224.46,124.59,-7.38,22.75,6.88,-77.83,-1155.45,20891.96,7635.78,13256.18,0.00,0.00,0.00,0.00,0.00,20409,B6,JetBlue Airways,B6,JetBlue Airways,10875,A,3,3,2023,2
15263.62,11761.79,,484.03,,192110.22,,,,196842.93,,,,,33288.40,422725.58,168626.31,103888.36,,29043.92,10503.49,7681.09,,19517.08,71703.55,410963.79,-65.98,4248.01,,-623.06,,-57.13,3501.84,15263.62,0.00,,,,,,,20370,KAQ,Kalitta Air LLC,KAQ,Kalitta Air LLC,16683,I,3,3,2023,2
17947.91,13426.49,103592.08,4.88,,8658.44,4260.23,,298.93,0.00,,32.68,1248.93,0.00,8424.32,126520.48,37236.69,7066.78,15573.31,22500.05,11398.09,14627.90,,4192.47,498.69,113093.98,-4645.61,-161.13,682.98,249.85,3.24,2204.53,-1666.15,11760.35,-6187.56,17947.91,0.00,0.00,0.00,,0.00,19690,HA,Hawaiian Airlines Inc.,HA,Hawaiian Airlines Inc.,15375,P,3,3,2023,1
20535.63,37067.08,360003.61,0.00,,0.00,0.00,,0.00,0.00,,0.00,3850.88,0.00,0.00,363854.50,115207.98,94900.49,30872.99,5892.74,0.00,41760.68,0.00,38152.53,0.00,326787.42,-8343.26,-1067.43,0.00,0.00,0.00,269.89,-9140.80,27926.27,7390.65,20535.63,0.00,0.00,0.00,,0.00,20452,YX,Republic Airline,YX,Republic Airline,06003,D,3,3,2023,1
24137.66,25440.88,0.00,0.00,0.00,0.00,0.00,0.00,0.00,28859.80,0.00,0.00,651.66,,295179.17,324690.63,10746.93,3176.98,0.00,1278.96,20.79,15935.37,,2364.89,265725.83,299249.75,-1221.95,0.00,0.00,38.04,,0.00,-1183.91,24256.97,119.31,24137.66,,,0.00,24137.66,,20447,U7,USA Jet Airlines Inc.,U7,USA Jet Airlines Inc.,06912,D,3,3,2023,2
25380.15,47261.22,354967.97,0.00,,0.00,0.00,,0.00,0.00,,0.00,4585.27,0.00,0.00,359553.24,108890.76,98116.78,31410.41,5750.52,0.00,29852.31,0.00,38271.25,0.00,312292.03,-8122.05,-2088.58,0.00,-5173.09,0.00,2296.33,-13087.39,34173.82,8793.68,25380.15,0.00,0.00,0.00,,0.00,20452,YX,Republic Airline,YX,Republic Airline,06003,D,3,3,2023,2
26073.00,30332.00,234299.00,6.00,,1784.00,722.00,,143.00,0.00,,,30206.00,0.00,1377.00,268537.00,95039.00,20295.00,21020.00,46250.00,14006.00,25974.00,,14285.00,1336.00,238205.00,-2417.00,155.00,-57.00,0.00,,5808.00,3489.00,33821.00,7748.00,26073.00,0.00,0.00,0.00,26073.00,0.00,19393,WN,Southwest Airlines Co.,WN,Southwest Airlines Co.,11033,L,3,3,2023,2
31053.27,32386.71,0.00,0.00,0.00,0.00,0.00,0.00,0.00,34710.12,0.00,0.00,371.71,,322581.77,357663.60,12476.42,3446.92,0.00,1227.26,11.10,16994.81,,2679.97,288440.43,325276.89,-1366.18,0.00,0.00,74.90,,0.00,-1291.28,31095.43,42.16,31053.27,,,0.00,31053.27,,20447,U7,USA Jet Airlines Inc.,U7,USA Jet Airlines Inc.,06912,D,3,3,2023,1
31166.32,42237.41,0.00,40.36,,115907.71,0.00,,0.00,0.00,,0.00,0.00,0.00,0.00,115948.06,39957.24,16417.39,0.00,9252.03,102.87,4798.86,0.00,3182.27,0.00,73710.65,0.00,468.95,-78.22,-4.11,0.00,-1124.27,-737.65,41499.77,10333.44,31166.32,0.00,0.00,0.00,,0.00,19917,5X,United Parcel Service,5X,United Parcel Service,16912,L,3,3,2023,2
31361.56,52112.20,486437.88,0.00,,41.00,42050.10,,0.00,0.00,,4143.64,1869.15,0.00,42241.99,576783.76,264965.22,50246.81,43215.35,79314.33,25377.55,29444.11,,31938.81,169.37,524671.56,-9701.90,988.88,360.52,317.37,49.03,-565.04,-8551.15,43561.05,12199.50,31361.56,0.00,0.00,0.00,0.00,0.00,20409,B6,JetBlue Airways,B6,JetBlue Airways,16673,L,3,3,2023,1
34714.96,35443.37,61362.02,0.00,,0.00,5769.92,,6504.97,1417.22,,1001.95,0.00,0.00,4525.51,80581.59,23410.82,2150.83,2082.07,8605.76,2825.64,3539.10,0.00,2508.29,15.71,45138.22,-1094.20,-6.35,0.00,0.00,49.64,322.49,-728.41,34714.96,0.00,34714.96,0.00,0.00,0.00,,0.00,20422,SY,Sun Country Airlines d/b/a MN Airlines,SY,Sun Country Airlines d/b/a MN Airlines,16795,L,2,2,2023,1
35783.22,46070.34,0.00,0.00,,136067.68,118.11,,0.00,0.00,,0.00,0.00,0.00,0.00,136185.79,49661.43,20448.63,0.00,10820.96,113.22,5768.31,0.00,3302.90,0.00,90115.45,0.00,435.68,-54.78,171.34,0.00,-1327.37,-775.13,45295.21,9511.99,35783.22,0.00,0.00,0.00,,0.00,19917,5X,United Parcel Service,5X,United Parcel Service,16912,L,3,3,2023,1
39558.96,55042.11,0.00,0.00,,340079.14,0.00,,0.00,0.00,,0.00,5527.05,0.00,0.00,345606.19,179682.83,50030.70,0.00,29689.25,330.11,15399.29,0.00,15431.91,0.00,290564.08,0.00,1504.83,-250.99,-13.20,0.00,-3607.71,-2367.07,52675.04,13116.09,39558.96,0.00,0.00,0.00,,0.00,19917,5X,United Parcel Service,5X,United Parcel Service,16911,A,3,3,2023,2
42086.00,130143.00,929796.00,0.00,,16337.00,31874.00,,444.00,12.00,,4433.00,174663.00,0.00,50863.00,1208422.00,387329.00,103832.00,115524.00,195917.00,88756.00,88059.00,,56722.00,42140.00,1078279.00,-26702.00,-1802.00,0.00,2894.00,0.00,-77169.00,-102779.00,27364.00,-14722.00,42086.00,0.00,0.00,0.00,,0.00,19790,DL,Delta Air Lines Inc.,DL,Delta Air Lines Inc.,10260,L,3,3,2023,1
42551.10,56052.01,0.00,0.00,,363414.01,0.00,,0.00,0.00,,0.00,-2.55,0.00,0.00,363411.52,198529.77,47727.08,0.00,30570.66,319.85,16296.24,0.00,13915.90,0.00,307359.51,0.00,1230.87,-154.77,484.05,0.00,-3750.00,-2189.86,53862.15,11311.05,42551.10,0.00,0.00,0.00,,0.00,19917,5X,United Parcel Service,5X,United Parcel Service,16911,A,3,3,2023,1
48084.04,402729.51,6145310.24,1510.89,,24597.79,239818.98,,6407.57,0.00,,6141.43,567053.51,0.00,1639815.38,8630655.80,2692858.86,856558.20,551371.23,830899.19,338552.36,929734.77,0.00,315606.92,1712344.77,8227926.29,-514937.07,-34861.18,-7456.84,0.00,0.00,232584.84,-324670.25,78059.26,29975.21,48084.04,0.00,0.00,0.00,,0.00,19805,AA,American Airlines Inc.,AA,American Airlines Inc.,0A050,D,3,3,2023,1
52925.01,52925.01,1828826.07,8099.83,,120653.82,14388.92,,0.00,0.00,,1154.08,172252.56,0.00,43383.59,2188758.88,849368.76,286087.94,186027.30,269002.52,116553.70,324967.32,0.00,98018.24,5808.09,2135833.87,0.00,0.00,0.00,0.00,0.00,0.00,0.00,52925.01,0.00,52925.01,0.00,0.00,0.00,,0.00,19805,AA,American Airlines Inc.,AA,American Airlines Inc.,10049,A,3,3,2023,2
58680.60,102321.11,521884.36,0.00,,9.62,43478.40,,0.00,0.00,,4606.80,2066.17,0.00,41305.90,613351.26,236448.51,50861.34,47943.92,83202.26,28626.77,29079.41,,34696.40,171.55,511030.15,-10477.66,1071.34,-63.50,195.67,59.17,-624.53,-9839.51,92481.60,33801.00,58680.60,0.00,0.00,0.00,0.00,0.00,20409,B6,JetBlue Airways,B6,JetBlue Airways,16673,L,3,3,2023,2
61400.66,98134.16,483814.85,0.00,,0.00,88685.34,,14116.79,0.00,,28449.30,27822.96,0.00,6792.78,649682.01,277229.08,47668.53,28809.72,68374.85,28999.63,46332.38,0.00,54133.67,0.00,551547.86,-28549.14,0.00,0.00,0.00,0.00,10084.53,-18464.61,79669.55,18268.88,61400.66,0.00,,0.00,0.00,0.00,20368,G4,Allegiant Air,G4,Allegiant Air,06035,D,3,3,2023,1
65300.56,134452.48,1687810.14,0.00,,25.44,114931.60,,0.00,0.00,,12177.70,5461.76,0.00,109188.78,1929595.41,807172.26,188054.33,165280.32,318641.42,97016.60,100195.28,,118201.34,581.38,1795142.93,-35275.82,3630.67,-215.19,-71.76,4133.12,-3738.73,-31537.71,102914.77,37614.21,65300.56,0.00,0.00,0.00,0.00,0.00,20409,B6,JetBlue Airways,B6,JetBlue Airways,06673,D,3,3,2023,2
67685.08,125578.30,949128.41,18599.10,,96662.91,8352.20,,568.46,,,2140.93,453.75,,37682.76,1113588.52,480743.75,74389.50,110489.56,108198.83,61932.40,70964.75,,66399.46,14891.97,988010.22,-65632.05,22600.45,1208.27,,,5312.00,-36511.33,89066.97,21381.89,67685.08,,,,67685.08,,19977,UA,United Air Lines Inc.,UA,United Air Lines Inc.,10877,P,3,3,2023,1
68734.66,76471.13,539601.59,0.00,,0.00,210647.40,,0.00,0.00,,68854.18,28244.90,0.00,29413.82,876761.89,480898.13,67096.52,46863.35,114604.06,42807.77,37075.26,0.00,10945.67,0.00,800290.76,-3944.18,12215.47,0.00,0.00,0.00,0.00,8271.30,84742.43,16007.77,68734.66,0.00,0.00,0.00,,0.00,20436,F9,Frontier Airlines Inc.,F9,Frontier Airlines Inc.,06460,D,3,3,2023,2
74778.55,109103.53,1075686.82,985.85,,30846.93,53399.77,,4.90,,,2240.29,443.71,,109057.81,1272666.07,420976.82,101127.46,91934.21,203675.68,64694.12,170227.27,,57679.04,53247.96,1163562.54,-47312.46,24942.24,-91.12,,,9761.68,-12699.67,96403.86,21625.31,74778.55,,,,74778.55,,19977,UA,United Air Lines Inc.,UA,United Air Lines Inc.,10876,L,3,3,2023,2
83267.38,127901.96,506834.87,0.00,,0.00,96695.83,,11741.11,0.00,,29812.66,31368.68,0.00,7357.09,683810.24,251277.76,55867.12,26959.52,74758.73,31931.78,61713.37,0.00,53400.01,0.00,555908.28,-28552.55,0.00,0.00,0.00,0.00,11794.24,-16758.31,111143.65,27876.27,83267.38,0.00,,0.00,0.00,0.00,20368,G4,Allegiant Air,G4,Allegiant Air,06035,D,3,3,2023,2
96798.77,97517.01,0.00,0.00,183676.23,183676.23,0.00,489062.43,62017.51,427044.92,11974.75,0.00,11974.75,0.00,0.00,684713.41,285896.04,112362.01,11897.48,70164.71,14148.08,59756.28,,32826.14,145.68,587196.40,920.94,0.00,-211.49,-1.57,0.00,-374.45,333.43,97850.44,1051.67,96798.77,0.00,0.00,0.00,96798.77,0.00,20007,5Y,Atlas Air Inc.,5Y,Atlas Air Inc.,16087,I,3,3,2023,1
101389.35,137545.68,0.00,80.85,,475337.90,0.00,,0.00,0.00,,0.00,474.28,0.00,0.00,475893.04,219608.63,52021.45,0.00,31856.96,354.21,16523.64,0.00,17982.48,0.00,338347.36,0.00,1614.70,-269.32,-14.16,0.00,-3871.12,-2539.89,135005.79,33616.44,101389.35,0.00,0.00,0.00,,0.00,19917,5X,United Parcel Service,5X,United Parcel Service,16913,P,3,3,2023,2
104337.00,129245.00,500825.00,-88.00,,20697.00,3087.00,,502.00,0.00,,512.00,84441.00,0.00,17013.00,626989.00,185024.00,34546.00,54402.00,79884.00,44229.00,69102.00,,18250.00,12307.00,497744.00,-10329.00,-771.00,0.00,1537.00,0.00,5932.00,-3631.00,125614.00,21277.00,104337.00,0.00,0.00,0.00,,0.00,19790,DL,Delta Air Lines Inc.,DL,Delta Air Lines Inc.,10262,P,3,3,2023,2
116213.91,171934.08,1099488.39,16627.42,,87201.80,8440.58,,1776.44,,,2321.74,454.87,,42715.03,1259026.26,449211.84,76446.70,115766.92,117350.69,65142.33,181864.62,,65342.36,15966.72,1087092.17,-60771.72,26429.10,1997.46,,,10240.10,-22105.07,149829.02,33615.11,116213.91,,,,116213.91,,19977,UA,United Air Lines Inc.,UA,United Air Lines Inc.,10877,P,3,3,2023,2
124857.00,162891.00,733476.00,0.00,,13415.00,34401.00,,2999.00,0.00,,4943.00,127162.00,0.00,57861.00,974257.00,272030.00,77484.00,83073.00,121984.00,67539.00,105520.00,,41880.00,41856.00,811366.00,-15773.00,-1177.00,0.00,2348.00,0.00,9058.00,-5544.00,157347.00,32490.00,124857.00,0.00,0.00,0.00,,0.00,19790,DL,Delta Air Lines Inc.,DL,Delta Air Lines Inc.,10260,L,3,3,2023,2
135770.26,199053.99,1127514.63,804.79,,31355.43,46914.60,,,,,2544.36,523.03,,106609.81,1316266.65,478079.74,108783.59,90260.30,203628.55,58023.69,63507.44,,59232.82,55696.53,1117212.65,-47111.68,21487.51,-125.09,,,5388.90,-20360.37,178693.63,42923.36,135770.26,,,,135770.26,,19977,UA,United Air Lines Inc.,UA,United Air Lines Inc.,10876,L,3,3,2023,1
136824.61,175548.35,0.00,86.07,,533979.20,0.00,,0.00,0.00,,0.00,0.00,0.00,0.00,534065.27,241664.91,48481.26,0.00,32843.14,343.63,17507.62,0.00,17676.36,0.00,358516.92,0.00,1322.36,-166.27,520.03,0.00,-4028.76,-2352.64,173195.71,36371.10,136824.61,0.00,0.00,0.00,,0.00,19917,5X,United Parcel Service,5X,United Parcel Service,16913,P,3,3,2023,1
181322.68,201189.56,0.00,0.00,191166.10,191166.10,0.00,514311.31,59019.68,455291.64,15479.88,0.00,15479.88,0.00,0.00,720957.29,283286.42,73660.23,12416.08,66682.63,8528.23,47502.63,,27568.19,123.32,519767.73,-2222.64,0.00,-91.52,0.00,0.00,-299.99,-2614.15,198575.41,17252.73,181322.68,0.00,0.00,0.00,181322.68,0.00,20007,5Y,Atlas Air Inc.,5Y,Atlas Air Inc.,16087,I,3,3,2023,2
235681.00,339651.00,1961243.00,11501.00,,26599.00,91789.00,,7770.00,338.00,,45657.00,28782.00,3846.00,517437.00,2694962.00,747128.00,172950.00,174508.00,326812.00,119997.00,357451.00,,95495.00,360972.00,2355311.00,-22878.00,6402.00,0.00,-3105.00,-14746.00,11741.00,-22585.00,317065.00,81384.00,235681.00,0.00,0.00,0.00,,0.00,19930,AS,Alaska Airlines Inc.,AS,Alaska Airlines Inc.,06031,D,3,3,2023,2
304965.51,430385.50,2967746.00,8555.53,,139358.38,27809.12,,509.21,,,6305.13,1029.02,,77441.15,3228753.54,1073427.46,215594.25,316253.16,361427.11,157875.76,449445.06,,180338.18,44007.07,2798368.04,-134217.40,68521.45,1042.71,,,27692.26,-36960.98,393424.52,88459.01,304965.51,,,,304965.51,,19977,UA,United Air Lines Inc.,UA,United Air Lines Inc.,10874,A,3,3,2023,2
336987.32,336987.32,1534455.40,2054.40,,30664.77,72679.43,,0.00,0.00,,1005.22,125733.57,0.00,31729.91,1798322.70,559262.05,201137.73,130413.64,188941.52,81633.18,226928.65,0.00,68963.14,4055.48,1461335.38,0.00,0.00,0.00,0.00,0.00,0.00,0.00,336987.32,0.00,336987.32,0.00,0.00,0.00,,0.00,19805,AA,American Airlines Inc.,AA,American Airlines Inc.,10050,L,3,3,2023,2
356274.83,356274.83,1796986.18,2650.77,,43205.58,75559.49,,0.00,0.00,,1459.06,162274.63,0.00,41052.76,2123188.47,724108.45,232287.73,149390.72,225302.19,91657.30,252206.50,0.00,85558.72,6402.02,1766913.64,0.00,0.00,0.00,0.00,0.00,0.00,0.00,356274.83,0.00,356274.83,0.00,0.00,0.00,,0.00,19805,AA,American Airlines Inc.,AA,American Airlines Inc.,10050,L,3,3,2023,1
530939.00,657744.00,2598810.00,6710.00,,73739.00,27521.00,,840.00,0.00,,4506.00,432597.00,0.00,3453.00,3148176.00,939664.00,187888.00,276967.00,406702.00,225177.00,351808.00,,99728.00,2498.00,2490432.00,-52587.00,-3923.00,0.00,7827.00,0.00,30201.00,-18482.00,639262.00,108323.00,530939.00,0.00,0.00,0.00,,0.00,19790,DL,Delta Air Lines Inc.,DL,Delta Air Lines Inc.,10261,A,3,3,2023,2
579590.49,806094.52,6007989.91,8968.81,,69981.15,221407.06,,27547.87,,,16866.04,2116.31,,2062744.38,8417621.50,2196331.58,685345.37,496630.07,1420582.73,392123.83,1033567.25,,339706.39,1047239.77,7611526.98,-250906.22,138122.79,-2319.33,,,56618.16,-58484.60,747609.92,168019.43,579590.49,,,,579590.49,,19977,UA,United Air Lines Inc.,UA,United Air Lines Inc.,0A875,D,3,3,2023,2
657189.00,764539.00,5905592.00,139.00,,44967.00,18197.00,,3599.00,0.00,,,761339.00,0.00,34709.00,6768542.00,2395467.00,511548.00,529810.00,1165733.00,353052.00,654684.00,,360025.00,33684.00,6004003.00,-60923.00,3911.00,-1438.00,0.00,,146396.00,87946.00,852485.00,195297.00,657188.00,0.00,0.00,0.00,657188.00,0.00,19393,WN,Southwest Airlines Co.,WN,Southwest Airlines Co.,06725,D,3,3,2023,2
924309.00,1309203.00,,0.00,,3104719.00,,,,1050.00,,,55805.00,,3515942.00,6677516.00,952412.00,435584.00,,440346.00,16350.00,453406.00,,235432.00,2834783.00,5368313.00,47.00,11800.00,,0.00,,-136270.00,-124423.00,1184780.00,260471.00,924309.00,,,,,,20107,FX,Federal Express Corporation,FX,Federal Express Corporation,06200,D,3,3,2023,1
1048548.10,1795694.90,6982839.53,841.61,,12519.23,263829.02,,3901.79,0.00,,5675.07,554621.03,0.00,1938497.14,9762724.41,2453064.57,872999.97,566605.94,820412.45,354779.13,987467.18,0.00,299225.56,1612474.72,7967029.51,-521987.17,-40739.81,1627.42,0.00,0.00,266259.78,-294839.77,1500855.12,452307.02,1048548.10,0.00,0.00,0.00,,0.00,19805,AA,American Airlines Inc.,AA,American Airlines Inc.,0A050,D,3,3,2023,2
1113926.00,1268321.00,,0.00,,2947983.00,,,,2970.00,,,55527.00,,3431837.00,6438317.00,881476.00,428173.00,,420796.00,16506.00,447623.00,,212716.00,2762706.00,5169996.00,-3284.00,29227.00,,0.00,,164182.00,190125.00,1458446.00,344520.00,1113926.00,,,,,,20107,FX,Federal Express Corporation,FX,Federal Express Corporation,06200,D,3,3,2023,2
1153288.00,1533243.00,7027014.00,6409.00,,51270.00,188213.00,,41163.00,0.00,,25809.00,988834.00,0.00,2559456.00,10888168.00,2504663.00,764769.00,839502.00,1232731.00,682522.00,1066346.00,,412909.00,1851483.00,9354925.00,-159394.00,-11891.00,4397.00,23725.00,0.00,91541.00,-51622.00,1481621.00,328333.00,1153288.00,0.00,0.00,0.00,,0.00,19790,DL,Delta Air Lines Inc.,DL,Delta Air Lines Inc.,01260,D,3,3,2023,2
